genus,family
Abama,Liliaceae Juss.
Abelia,Caprifoliaceae Juss.
Abelmoschus,Malvaceae Juss.
Aberia,Flacourtiaceae Rich. ex DC.
Abies,Pinaceae
Abietinella,Thuidiaceae Schimp.
Abildgaardia,Cyperaceae Juss.
Abortopetalum,Malvaceae Juss.
Abrodictyum,Hymenophyllaceae Mart.
Abroma,Sterculiaceae Vent.
Abronia,Nyctaginaceae Juss.
Abrothallus,Lichenotheliaceae Henssen
Abrus,Fabaceae Lindl.
Absconditella,Stictidaceae Fr.
Abutilon,Malvaceae Juss.
Acacia,Fabaceae Lindl.
Acaciella,Fabaceae Lindl.
Acaciopsis,Fabaceae Lindl.
Acaena,Rosaceae Juss.
Acalypha,Euphorbiaceae Juss.
Acamptoclados,Poaceae Barnhart
Acamptopappus,Asteraceae Bercht. & J. Presl
Acanthocereus,Cactaceae Juss.
Acanthochiton,Amaranthaceae Martinov
Acanthocladium,Sematophyllaceae Broth.
Acanthogonum,Polygonaceae Juss.
Acanthomintha,Lamiaceae Martinov
Acanthopanax,Araliaceae Juss.
Acanthospermum,Asteraceae Bercht. & J. Presl
Acanthoxanthium,Asteraceae Bercht. & J. Presl
Acanthus,Acanthaceae Juss.
Acarospora,Acarosporaceae Zahlbr.
Acaulon,Gigaspermaceae A. Jaeger & Sauerb.
Acer,Sapindaceae
Acerates,Asclepiadaceae Borkh.
Acetosa,Polygonaceae Juss.
Acetosella,Polygonaceae Juss.
Achaetogeron,Asteraceae Bercht. & J. Presl
Achillea,Asteraceae
Achlys,Berberidaceae Juss.
Achnatherum,Poaceae
Achras,Sapotaceae Juss.
Achroschizocarpus,Brassicaceae Burnett
Achyrachaena,Asteraceae Bercht. & J. Presl
Achyranthes,Amaranthaceae Martinov
Achyronychia,Caryophyllaceae Juss.
Achyrophorus,Asteraceae Bercht. & J. Presl
Acicarpha,Calyceraceae R. Br. ex Rich.
Acidanthera,Iridaceae Juss.
Acinos,Lamiaceae Martinov
Aciphylla,Apiaceae Lindl.
Acisanthera,Melastomataceae Juss.
Acleisanthes,Nyctaginaceae Juss.
Acmella,Asteraceae Bercht. & J. Presl
Acmispon,Fabaceae Lindl.
Acnida,Amaranthaceae Martinov
Acnistus,Solanaceae Juss.
Acoelorraphe,Arecaceae Bercht. & J. Presl
Acoelorrhaphe,Arecaceae Bercht. & J. Presl
Acomastylis,Rosaceae Juss.
Aconitum,Ranunculaceae Juss.
Aconogonon,Polygonaceae Juss.
Aconogonum,Polygonaceae Juss.
Acorus,Acoraceae Martinov
Acosta,Asteraceae Bercht. & J. Presl
Acourtia,Asteraceae Bercht. & J. Presl
Acrachne,Poaceae Barnhart
Acriopsis,Orchidaceae Juss.
Acrobolbus,Acrobolbaceae E.A. Hodgs.
Acroceras,Poaceae Barnhart
Acrocladium,Amblystegiaceae Kindb.
Acroclinium,Asteraceae Bercht. & J. Presl
Acrocomia,Arecaceae Bercht. & J. Presl
Acrocordia,Monoblastiaceae Walt. Watson
Acrodiclidium,Lauraceae Juss.
Acrolasia,Loasaceae Juss.
Acrolejeunea,Lejeuneaceae Rostovzev
Acronychia,Rutaceae Juss.
Acroporium,Sematophyllaceae Broth.
Acroptilon,Asteraceae Bercht. & J. Presl
Acroscyphus,Caliciaceae Chevall.
Acrostichum,Dryopteridaceae Herter
Actaea,Ranunculaceae Juss.
Actinea,Asteraceae Bercht. & J. Presl
Actinella,Asteraceae Bercht. & J. Presl
Actinidia,Actinidiaceae Engl. & Gilg
Actinogyra,Umbilicariaceae Chevall.
Actinomeris,Asteraceae Bercht. & J. Presl
Actinospermum,Asteraceae Bercht. & J. Presl
Actinostachys,Schizaeaceae Kaulf.
Acuan,Fabaceae Lindl.
Adansonia,Bombacaceae Kunth
Adelia,Euphorbiaceae Juss.
Adelinia,Boraginaceae Juss.
Adelococcus,Verrucariaceae Eschw.
Adelolecia,Bacidiaceae Walt. Watson
Adenanthera,Fabaceae Lindl.
Adenium,Apocynaceae Juss.
Adenocarpus,Fabaceae Lindl.
Adenocaulon,Asteraceae Bercht. & J. Presl
Adenolinum,Linaceae DC. ex Perleb
Adenophorus,Grammitidaceae Newman
Adenophyllum,Asteraceae Bercht. & J. Presl
Adenoplea,Buddlejaceae K. Wilh.
Adenorachis,Rosaceae Juss.
Adenoropium,Euphorbiaceae Juss.
Adenosma,Scrophulariaceae Juss.
Adenostemma,Asteraceae Bercht. & J. Presl
Adenostoma,Rosaceae Juss.
Adesmia,Fabaceae Lindl.
Adhatoda,Acanthaceae Juss.
Adiantopsis,Pteridaceae E.D.M. Kirchn.
Adiantum,Pteridaceae E.D.M. Kirchn.
Adicea,Urticaceae Juss.
Adipera,Fabaceae Lindl.
Adlumia,Fumariaceae Marquis
Adolphia,Rhamnaceae Juss.
Adonis,Ranunculaceae Juss.
Adoxa,Adoxaceae E. Mey.
Aechmea,Bromeliaceae Juss.
Aegilops,Poaceae Barnhart
Aeginetia,Orobanchaceae Vent.
Aegiphila,Verbenaceae J. St.-Hil.
Aegle,Rutaceae Juss.
Aegopodium,Apiaceae Lindl.
Aegopogon,Poaceae Barnhart
Aeluropus,Poaceae Barnhart
Aeonium,Crassulaceae J. St.-Hil.
Aeria,Arecaceae Bercht. & J. Presl
Aerva,Amaranthaceae Martinov
Aesandra,Sapotaceae Juss.
Aeschrion,Simaroubaceae DC.
Aeschynomene,Fabaceae Lindl.
Aesculus,Hippocastanaceae A. Rich.
Aethionema,Brassicaceae Burnett
Aethusa,Apiaceae Lindl.
Aframomum,Zingiberaceae Martinov
Afrocarpus,Podocarpaceae Endl.
Afzelia,Scrophulariaceae Juss.
Agalinis,Scrophulariaceae Juss.
Agaloma,Euphorbiaceae Juss.
Aganope,Fabaceae Lindl.
Agapanthus,Liliaceae Juss.
Agarista,Asteraceae Bercht. & J. Presl
Agassizia,Asteraceae Bercht. & J. Presl
Agastache,Lamiaceae Martinov
Agathis,Araucariaceae Henkel & W. Hochst.
Agathosma,Rutaceae Juss.
Agati,Fabaceae Lindl.
Agave,Agavaceae Dumort.
Agdestis,Phytolaccaceae R. Br.
Ageratina,Asteraceae Bercht. & J. Presl
Ageratum,Asteraceae Bercht. & J. Presl
Aglaia,Meliaceae Juss.
Aglaonema,Araceae Juss.
Aglossorrhyncha,Orchidaceae Juss.
Agnorhiza,Asteraceae Bercht. & J. Presl
Agonimia,Verrucariaceae Eschw.
Agoseris,Asteraceae Bercht. & J. Presl
Agrestia,Hymeneliaceae Körb.
Agrimonia,Rosaceae Juss.
Agropyron,Poaceae
Agrostemma,Caryophyllaceae Juss.
Agrostis,Poaceae Barnhart
Agrostophyllum,Orchidaceae Juss.
Agyneia,Euphorbiaceae Juss.
Agyrium,Agyriaceae Corda
Agyrophora,Umbilicariaceae Chevall.
Ahlesia,Acarosporaceae Zahlbr.
Ahtiana,Parmeliaceae F. Berchtold & J. Presl
Aidia,Rubiaceae Juss.
Ailanthus,Simaroubaceae DC.
Aiphanes,Arecaceae Bercht. & J. Presl
Aira,Poaceae Barnhart
Aizopsis,Crassulaceae J. St.-Hil.
Ajuga,Lamiaceae Martinov
Akebia,Lardizabalaceae Decne.
Aklema,Euphorbiaceae Juss.
Albizia,Fabaceae Lindl.
Alcea,Malvaceae Juss.
Alchemilla,Rosaceae Juss.
Alchornea,Euphorbiaceae Juss.
Alchorneopsis,Euphorbiaceae Juss.
Alcina,Asteraceae Bercht. & J. Presl
Aldenella,Capparaceae Juss.
Aldrovanda,Droseraceae Salisb.
Alectoria,Alectoriaceae F. Berchtold & J. Presl
Alectra,Scrophulariaceae Juss.
Alectryon,Sapindaceae Juss.
Aletes,Apiaceae Lindl.
Aletris,Liliaceae Juss.
Aleurites,Euphorbiaceae Juss.
Aleuritopteris,Pteridaceae E.D.M. Kirchn.
Alhagi,Fabaceae Lindl.
Aliciella,Polemoniaceae Juss.
Alisma,Alismataceae Vent.
Alkanna,Boraginaceae Juss.
Allamanda,Apocynaceae Juss.
Allantoparmelia,Parmeliaceae F. Berchtold & J. Presl
Allarthonia,Arthoniaceae Rchb.
Allenrolfea,Chenopodiaceae Vent.
Alliaria,Brassicaceae Burnett
Allibertia,Agavaceae Dumort.
Allionia,Nyctaginaceae Juss.
Allioniella,Nyctaginaceae Juss.
Allium,Liliaceae Juss.
Allocarya,Boraginaceae Juss.
Allocasuarina,Casuarinaceae R. Br.
Allocetraria,Parmeliaceae F. Berchtold & J. Presl
Allolepis,Poaceae Barnhart
Allophyllum,Polemoniaceae Juss.
Allophylus,Sapindaceae Juss.
Alloplectus,Gesneriaceae Rich. & Juss.
Allosidastrum,Malvaceae Juss.
Alloteropsis,Poaceae Barnhart
Allotropa,Monotropaceae Nutt.
Allowissadula,Malvaceae Juss.
Almutaster,Asteraceae Bercht. & J. Presl
Alnus,Betulaceae
Alocasia,Araceae Juss.
Aloe,Aloaceae
Aloina,Pottiaceae Hampe
Alopecurus,Poaceae Barnhart
Alophia,Iridaceae Juss.
Aloysia,Verbenaceae J. St.-Hil.
Alphitonia,Rhamnaceae Juss.
Alpinia,Costaceae Nakai
Alsia,Leucodontaceae Schimp.
Alsinanthe,Caryophyllaceae Juss.
Alsine,Caryophyllaceae Juss.
Alsinidendron,Caryophyllaceae Juss.
Alsinopsis,Caryophyllaceae Juss.
Alsophila,Cyatheaceae Kaulf.
Alstonia,Apocynaceae Juss.
Alstroemeria,Liliaceae Juss.
Alternanthera,Amaranthaceae Martinov
Althaea,Malvaceae Juss.
Alvaradoa,Simaroubaceae DC.
Alysicarpus,Fabaceae Lindl.
Alyssoides,Brassicaceae Burnett
Alyssum,Brassicaceae Burnett
Alyxia,Apocynaceae Juss.
Amandinea,Physciaceae Zahlbr.
Amaranthus,Amaranthaceae Martinov
Amarella,Gentianaceae Juss.
Amarolea,Oleaceae Hoffmanns. & Link
Amaryllis,Liliaceae Juss.
Amauria,Asteraceae Bercht. & J. Presl
Amauriopsis,Asteraceae Bercht. & J. Presl
Amauropelta,Thelypteridaceae Ching ex Pic. Serm.
Amberboa,Asteraceae Bercht. & J. Presl
Amblyodon,Meesiaceae Schimp.
Amblyolepis,Asteraceae Bercht. & J. Presl
Amblyopappus,Asteraceae Bercht. & J. Presl
Amblyopyrum,Poaceae Barnhart
Amblystegiella,Hypnaceae Schimp.
Amblystegium,Amblystegiaceae Kindb.
Ambrina,Chenopodiaceae Vent.
Ambroma,Sterculiaceae Vent.
Ambrosia,Asteraceae Bercht. & J. Presl
Amelanchier,Rosaceae
Amellus,Asteraceae Bercht. & J. Presl
Americus,Cupressaceae Gray
Amerimnon,Fabaceae Lindl.
Amerorchis,Orchidaceae Juss.
Amerosedum,Crassulaceae J. St.-Hil.
Amianthium,Liliaceae Juss.
Ammannia,Lythraceae J. St.-Hil.
Ammi,Apiaceae Lindl.
Ammobroma,Lennoaceae Solms
Ammocallis,Apocynaceae Juss.
Ammocharis,Liliaceae Juss.
Ammocodon,Nyctaginaceae Juss.
Ammodia,Asteraceae Bercht. & J. Presl
Ammophila,Poaceae Barnhart
Ammopursus,Asteraceae Bercht. & J. Presl
Ammoselinum,Apiaceae Lindl.
Amomis,Myrtaceae Juss.
Amomum,Zingiberaceae Martinov
Amoreuxia,Bixaceae Kunth
Amorpha,Fabaceae Lindl.
Amorphophallus,Araceae Juss.
Ampelamus,Asclepiadaceae Borkh.
Ampelaster,Asteraceae Bercht. & J. Presl
Ampelodesmos,Poaceae Barnhart
Ampelopsis,Vitaceae Juss.
Ampelothamnus,Ericaceae Juss.
Ampelygonum,Polygonaceae Juss.
Amphiachyris,Asteraceae Bercht. & J. Presl
Amphianthus,Scrophulariaceae Juss.
Amphibromus,Poaceae Barnhart
Amphicarpaea,Fabaceae Lindl.
Amphicarpum,Poaceae Barnhart
Amphidium,Orthotrichaceae Arn.
Amphiglottis,Orchidaceae Juss.
Amphiloma,Pannariaceae Tuck.
Amphilophis,Poaceae Barnhart
Amphilophium,Bignoniaceae Juss.
Amphineuron,Thelypteridaceae Ching ex Pic. Serm.
Amphipappus,Asteraceae Bercht. & J. Presl
Amphiscirpus,Cyperaceae Juss.
Amphistelma,Asclepiadaceae Borkh.
Amphitecna,Bignoniaceae Juss.
Amphoradenium,Grammitidaceae Newman
Amsinckia,Boraginaceae Juss.
Amsonia,Apocynaceae Juss.
Amygdalaria,Porpidiaceae Hertel & Hafellner
Amygdalus,Rosaceae Juss.
Amyris,Anacardiaceae R. Br.
Anacampseros,Crassulaceae J. St.-Hil.
Anacamptodon,Fabroniaceae Schimp.
Anacardium,Anacardiaceae R. Br.
Anacharis,Hydrocharitaceae Juss.
Anacheilium,Orchidaceae Juss.
Anacolia,Bartramiaceae Schwägr.
Anacolosa,Olacaceae R. Br.
Anacyclus,Asteraceae Bercht. & J. Presl
Anacylus,Asteraceae Bercht. & J. Presl
Anadenanthera,Fabaceae Lindl.
Anagallis,Primulaceae Batsch
Anamomis,Myrtaceae Juss.
Anamylospora,Porpidiaceae Hertel & Hafellner
Ananas,Bromeliaceae Juss.
Ananthacorus,Vittariaceae Ching
Anantherix,Asclepiadaceae Borkh.
Anaphalis,Asteraceae Bercht. & J. Presl
Anaptychia,Physciaceae Zahlbr.
Anastrepta,Jungermanniaceae Rchb.
Anastrophus,Poaceae Barnhart
Anastrophyllum,Jungermanniaceae Rchb.
Anatherum,Poaceae Barnhart
Anchistea,Blechnaceae Newman
Anchusa,Boraginaceae Juss.
Ancistrachne,Poaceae Barnhart
Ancistrocactus,Cactaceae
Ancistrocarphus,Asteraceae Bercht. & J. Presl
Andersonglossum,Boraginaceae Juss.
Andira,Fabaceae Lindl.
Andrachne,Euphorbiaceae Juss.
Andreaea,Andreaeaceae Dumort.
Andreaeobryum,Andreaeobryaceae Steere
Androcera,Solanaceae Juss.
Andrographis,Acanthaceae Juss.
Andromeda,Ericaceae Juss.
Andropogon,Poaceae Barnhart
Androsace,Primulaceae Batsch
Androstephium,Liliaceae Juss.
Anechites,Apocynaceae Juss.
Aneilema,Commelinaceae Mirb.
Anelsonia,Brassicaceae Burnett
Anema,Lichinaceae Nyl.
Anemia,Anemiaceae Link
Anemone,Ranunculaceae Juss.
Anemonella,Ranunculaceae Juss.
Anemonidium,Ranunculaceae Juss.
Anemonoides,Ranunculaceae Juss.
Anemopsis,Saururaceae Rich. ex T. Lestib.
Anethum,Apiaceae Lindl.
Anetium,Vittariaceae Ching
Aneura,Aneuraceae H. Klinggr.
Aneurolepidium,Poaceae Barnhart
Angadenia,Apocynaceae Juss.
Angelica,Apiaceae Lindl.
Angelonia,Scrophulariaceae Juss.
Angiopteris,Marattiaceae Kaulf.
Angostura,Rutaceae Juss.
Anguria,Cucurbitaceae Juss.
Aniba,Lauraceae Juss.
Anisacanthus,Acanthaceae Juss.
Anisantha,Poaceae Barnhart
Aniseia,Convolvulaceae Juss.
Anisocarpus,Asteraceae Bercht. & J. Presl
Anisocoma,Asteraceae Bercht. & J. Presl
Anisodontea,Malvaceae Juss.
Anisomeridium,Monoblastiaceae Walt. Watson
Anisophyllum,Euphorbiaceae Juss.
Anisosorus,Dennstaedtiaceae Lotsy
Anisostichus,Bignoniaceae Juss.
Anisothecium,Dicranaceae Schimp.
Anisum,Apiaceae Lindl.
Anneslea,Fabaceae Lindl.
Annona,Annonaceae Juss.
Anoda,Malvaceae Juss.
Anoectangium,Pottiaceae Hampe
Anoectochilus,Orchidaceae Juss.
Anogeissus,Combretaceae R. Br.
Anogra,Onagraceae Juss.
Anomatheca,Iridaceae Juss.
Anomobryum,Bryaceae Rchb.
Anomodon,Anomodontaceae Kindb.
Anoplanthus,Orobanchaceae Vent.
Anopteris,Pteridaceae E.D.M. Kirchn.
Anotites,Caryophyllaceae Juss.
Anredera,Basellaceae Raf.
Antelaea,Meliaceae Juss.
Antennaria,Asteraceae Bercht. & J. Presl
Antenoron,Polygonaceae Juss.
Anthacanthus,Acanthaceae Juss.
Anthaenantia,Poaceae Barnhart
Anthelia,Antheliaceae R.M. Schust.
Anthemis,Asteraceae Bercht. & J. Presl
Anthenantia,Poaceae Barnhart
Anthephora,Poaceae Barnhart
Anthericum,Liliaceae Juss.
Antheropeas,Asteraceae Bercht. & J. Presl
Anthocephalus,Rubiaceae Juss.
Anthoceros,Anthocerotaceae Dumort.
Anthochloa,Poaceae Barnhart
Anthopogon,Gentianaceae Juss.
Anthoxanthum,Poaceae Barnhart
Anthracothecium,Pyrenulaceae Rabenh.
Anthriscus,Apiaceae Lindl.
Anthurium,Araceae Juss.
Anthyllis,Fabaceae Lindl.
Anticlea,Liliaceae Juss.
Antidaphne,Eremolepidaceae Tiegh. & Kuijt
Antidesma,Flacourtiaceae Rich. ex DC.
Antigonon,Polygonaceae Juss.
Antiphylla,Saxifragaceae Juss.
Antiphytum,Boraginaceae Juss.
Antirhea,Rubiaceae Juss.
Antirrhinum,Scrophulariaceae Juss.
Antitrichia,Leucodontaceae Schimp.
Antopetitia,Fabaceae Lindl.
Antoschmidtia,Poaceae Barnhart
Antrophyum,Vittariaceae Ching
Anulocaulis,Nyctaginaceae Juss.
Anychia,Caryophyllaceae Juss.
Anychiastrum,Caryophyllaceae Juss.
Anzia,Parmeliaceae F. Berchtold & J. Presl
Anzina,Trapeliaceae M. Choisy ex Hertel
Aongstroemia,Dicranaceae Schimp.
Apacheria,Crossosomataceae Engl.
Apalanthe,Hydrocharitaceae Juss.
Apargia,Asteraceae Bercht. & J. Presl
Apargidium,Asteraceae Bercht. & J. Presl
Apassalus,Acanthaceae Juss.
Apatoplaca,Teloschistaceae Zahlbr.
Apera,Poaceae Barnhart
Aphanamixis,Meliaceae Juss.
Aphanes,Rosaceae Juss.
Aphanisma,Chenopodiaceae Vent.
Aphanolejeunea,Lejeuneaceae Rostovzev
Aphanorrhegma,Funariaceae Schwägr.
Aphanostephus,Asteraceae Bercht. & J. Presl
Aphantochaeta,Asteraceae Bercht. & J. Presl
Aphragmus,Brassicaceae Burnett
Aphyllon,Orobanchaceae Vent.
Apiastrum,Apiaceae Lindl.
Apios,Fabaceae Lindl.
Apium,Apiaceae Lindl.
Aplectrum,Orchidaceae Juss.
Aplodon,Splachnaceae Grev. & Arn.
Aploleia,Commelinaceae Mirb.
Aplopappus,Asteraceae Bercht. & J. Presl
Apluda,Poaceae Barnhart
Apocynum,Apocynaceae Juss.
Apodanthera,Cucurbitaceae Juss.
Apometzgeria,Metzgeriaceae H. Klinggr.
Aponogeton,Aponogetonaceae Planch.
Apotreubia,Treubiaceae Verd.
Appendicula,Orchidaceae Juss.
Aptenia,Aizoaceae Martinov
Apteria,Burmanniaceae Blume
Aquilegia,Ranunculaceae Juss.
Arabidopsis,Brassicaceae Burnett
Arabis,Brassicaceae Burnett
Arachis,Fabaceae Lindl.
Arachniodes,Dryopteridaceae Herter
Aragallus,Fabaceae Lindl.
Aralia,Araliaceae Juss.
Aranella,Lentibulariaceae Rich.
Araucaria,Araucariaceae Henkel & W. Hochst.
Araujia,Asclepiadaceae Borkh.
Arbuscula,Thamnobryaceae Margad. & During
Arbutus,Ericaceae
Arceuthobium,Viscaceae Batsch
Archangelica,Apiaceae Lindl.
Archidendron,Fabaceae Lindl.
Archidium,Archidiaceae Schimp.
Archontophoenix,Arecaceae Bercht. & J. Presl
Arctagrostis,Poaceae Barnhart
Arctanthemum,Asteraceae Bercht. & J. Presl
Arctium,Asteraceae Bercht. & J. Presl
Arctoa,Dicranaceae Schimp.
Arctocetraria,Parmeliaceae F. Berchtold & J. Presl
Arctogentia,Gentianaceae Juss.
Arctomecon,Papaveraceae Juss.
Arctomia,Arctomiaceae Th. Fr.
Arctoparmelia,Parmeliaceae F. Berchtold & J. Presl
Arctopeltis,Lecanoraceae Körb.
Arctophila,Poaceae Barnhart
Arctostaphylos,Ericaceae
Arctotheca,Asteraceae Bercht. & J. Presl
Arctotis,Asteraceae Bercht. & J. Presl
Arctous,Ericaceae Juss.
Arcyphyllum,Fabaceae Lindl.
Ardisia,Myrsinaceae R. Br.
Areca,Arecaceae Bercht. & J. Presl
Arecastrum,Arecaceae Bercht. & J. Presl
Arenaria,Caryophyllaceae Juss.
Arenga,Arecaceae Bercht. & J. Presl
Arethusa,Orchidaceae Juss.
Argemone,Papaveraceae Juss.
Argentacer,Aceraceae Juss.
Argentina,Rosaceae Juss.
Argillochloa,Poaceae Barnhart
Argusia,Boraginaceae Juss.
Argyranthemum,Asteraceae Bercht. & J. Presl
Argyreia,Convolvulaceae Juss.
Argyrochosma,Pteridaceae E.D.M. Kirchn.
Argyrolobium,Fabaceae Lindl.
Argyroxiphium,Asteraceae Bercht. & J. Presl
Argythamnia,Euphorbiaceae Juss.
Arida,Asteraceae Bercht. & J. Presl
Ariocarpus,Cactaceae Juss.
Arisaema,Araceae Juss.
Aristea,Iridaceae Juss.
Aristida,Poaceae
Aristocapsa,Polygonaceae Juss.
Aristoclesia,Clusiaceae Lindl.
Aristolochia,Aristolochiaceae Juss.
Aristotelia,Elaeocarpaceae Juss.
Arivela,Capparaceae Juss.
Armeniaca,Rosaceae Juss.
Armeria,Plumbaginaceae Juss.
Armoracia,Brassicaceae Burnett
Arnellia,Arnelliaceae Nakai
Arnica,Asteraceae
Arnoglossum,Asteraceae Bercht. & J. Presl
Arnoseris,Asteraceae Bercht. & J. Presl
Aronia,Rosaceae Juss.
Arrabidaea,Bignoniaceae Juss.
Arracacia,Apiaceae Lindl.
Arrhenatherum,Poaceae Barnhart
Arrhenopterum,Aulacomniaceae Schimp.
Arsenococcus,Ericaceae Juss.
Artabotrys,Annonaceae Juss.
Artemisia,Asteraceae
Arthonia,Arthoniaceae Rchb.
Arthopyrenia,Arthopyreniaceae Walt. Watson
Arthothelium,Arthoniaceae Rchb.
Arthraxon,Poaceae Barnhart
Arthrocnemum,Chenopodiaceae Vent.
Arthrophyllum,Araliaceae Juss.
Arthropodium,Liliaceae Juss.
Arthrorhaphis,Arthrorhaphidaceae Poelt & Hafellner
Arthrosporum,Catillariaceae Hafellner
Arthrostemma,Melastomataceae Juss.
Arthrostylidium,Poaceae Barnhart
Artocarpus,Moraceae Gaudich.
Arum,Araceae Juss.
Aruncus,Rosaceae Juss.
Arundina,Orchidaceae Juss.
Arundinaria,Poaceae Barnhart
Arundinella,Poaceae Barnhart
Arundo,Poaceae Barnhart
Asahinea,Parmeliaceae F. Berchtold & J. Presl
Asanthus,Asteraceae Bercht. & J. Presl
Asarina,Scrophulariaceae Juss.
Asarum,Aristolochiaceae Juss.
Ascarina,Chloranthaceae R. Br. ex Sims
Aschisma,Pottiaceae Hampe
Ascidiota,Porellaceae Cavers
Asclepias,Asclepiadaceae Borkh.
Asclepiodella,Asclepiadaceae Borkh.
Asclepiodora,Asclepiadaceae Borkh.
Ascyrum,Clusiaceae Lindl.
Asemeia,Polygalaceae Hoffmanns. & Link
Asimina,Annonaceae Juss.
Askellia,Asteraceae Bercht. & J. Presl
Aspalathus,Fabaceae Lindl.
Aspalatus,Fabaceae Lindl.
Aspalthium,Fabaceae Lindl.
Asparagus,Liliaceae Juss.
Asperella,Poaceae Barnhart
Asperugo,Boraginaceae Juss.
Asperula,Rubiaceae Juss.
Asphodelus,Liliaceae Juss.
Aspicarpa,Malpighiaceae Juss.
Aspicilia,Hymeneliaceae Körb.
Aspidium,Dryopteridaceae Herter
Aspidothelium,Thelenellaceae O.E. Erikss. ex H. Mayrhofer
Aspidotis,Pteridaceae E.D.M. Kirchn.
Aspilicia,Eigleraceae Hafellner
Aspiromitus,Anthocerotaceae Dumort.
Asplenium,Aspleniaceae Newman
Aspris,Poaceae Barnhart
Astelia,Liliaceae Juss.
Astephanus,Asclepiadaceae Borkh.
Aster,Asteraceae Bercht. & J. Presl
Asterandra,Euphorbiaceae Juss.
Asterella,Aytoniaceae Cavers
Asterophoma,Mycocaliciaceae A.F.W. Schmidt
Asterothyrium,Thelotremataceae Stizenb.
Astilbe,Saxifragaceae Juss.
Astomum,Pottiaceae Hampe
Astragalus,Fabaceae
Astranthium,Asteraceae Bercht. & J. Presl
Astrantia,Apiaceae Lindl.
Astrebla,Poaceae Barnhart
Astripomoea,Convolvulaceae Juss.
Astrolepis,Pteridaceae E.D.M. Kirchn.
Astronidium,Melastomataceae Juss.
Astrophytum,Cactaceae Juss.
Astrothelium,Trypetheliaceae Eschw.
Asyneuma,Campanulaceae Juss.
Asystasia,Acanthaceae Juss.
Atalantia,Rutaceae Juss.
Atamisquea,Capparaceae Juss.
Atamosco,Liliaceae Juss.
Atelophragma,Fabaceae Lindl.
Atenia,Apiaceae Lindl.
Ateramnus,Euphorbiaceae Juss.
Athalamia,Cleveaceae Cavers
Athelia,Atheliaceae Jülich
Atheropogon,Poaceae Barnhart
Athyriopsis,Dryopteridaceae Herter
Athyrium,Dryopteridaceae Herter
Athyrocarpus,Commelinaceae Mirb.
Athysanus,Brassicaceae Burnett
Atractylocarpus,Dicranaceae Schimp.
Atragene,Ranunculaceae Juss.
Atrichoseris,Asteraceae Bercht. & J. Presl
Atrichum,Polytrichaceae Schwägr.
Atriplex,Chenopodiaceae Vent.
Atropa,Solanaceae Juss.
Attalea,Arecaceae Bercht. & J. Presl
Atuna,Chrysobalanaceae R. Br.
Atylosia,Fabaceae Lindl.
Aubrieta,Brassicaceae Burnett
Aucuba,Cornaceae Bercht. & J. Presl
Audibertia,Lamiaceae Martinov
Auerodendron,Rhamnaceae Juss.
Aulacomnium,Aulacomniaceae Schimp.
Aulaxina,Gomphillaceae Walt. Watson
Auliza,Orchidaceae Juss.
Aulomyrcia,Myrtaceae Juss.
Aulospermum,Apiaceae Lindl.
Aureolaria,Scrophulariaceae Juss.
Aurinia,Brassicaceae Burnett
Austrocedrus,Cupressaceae Gray
Austrostipa,Poaceae Barnhart
Avellinia,Poaceae Barnhart
Avena,Poaceae Barnhart
Avenella,Poaceae Barnhart
Avenochloa,Poaceae Barnhart
Avenula,Poaceae Barnhart
Averrhoa,Oxalidaceae R. Br.
Avicennia,Verbenaceae J. St.-Hil.
Axonopus,Poaceae Barnhart
Axyris,Chenopodiaceae Vent.
Ayapana,Asteraceae Bercht. & J. Presl
Aydendron,Lauraceae Juss.
Ayenia,Sterculiaceae Vent.
Azadirachta,Meliaceae Juss.
Azalea,Ericaceae Juss.
Azaleastrum,Ericaceae Juss.
Azolla,Azollaceae Wettst.
Baccaurea,Euphorbiaceae Juss.
Baccharis,Asteraceae Bercht. & J. Presl
Bachmanniomyces,Uncertain Ascomycota Family
Bacidia,Gyalectaceae Stizenb.
Bacidina,Lecanoraceae Körb.
Bacopa,Scrophulariaceae Juss.
Bactris,Arecaceae Bercht. & J. Presl
Bactrospora,Opegraphaceae Stizenb.
Badiera,Polygalaceae Hoffmanns. & Link
Badusa,Rubiaceae Juss.
Baeckea,Myrtaceae Juss.
Baeomyces,Baeomycetaceae Dumort.
Baeothryon,Cyperaceae Juss.
Baeria,Asteraceae Bercht. & J. Presl
Bahia,Asteraceae Bercht. & J. Presl
Baileya,Asteraceae Bercht. & J. Presl
Baillonella,Sapotaceae Juss.
Balanites,Zygophyllaceae R. Br.
Balanophora,Balanophoraceae Rich.
Baldellia,Alismataceae Vent.
Balduina,Asteraceae Bercht. & J. Presl
Ballota,Lamiaceae Martinov
Balsamita,Asteraceae Bercht. & J. Presl
Balsamorhiza,Asteraceae Bercht. & J. Presl
Baltimora,Asteraceae Bercht. & J. Presl
Bambusa,Poaceae Barnhart
Banara,Flacourtiaceae Rich. ex DC.
Banisteria,Malpighiaceae Juss.
Banisteriopsis,Malpighiaceae Juss.
Banksia,Proteaceae Juss.
Baphia,Fabaceae Lindl.
Baptisia,Fabaceae Lindl.
Barbarea,Brassicaceae Burnett
Barbella,Meteoriaceae Kindb.
Barbieria,Fabaceae Lindl.
Barbilophozia,Jungermanniaceae Rchb.
Barbula,Pottiaceae Hampe
Barkleyanthus,Asteraceae Bercht. & J. Presl
Barleria,Acanthaceae Juss.
Barleriola,Acanthaceae Juss.
Barosma,Rutaceae Juss.
Barringtonia,Lecythidaceae A. Rich.
Bartlettia,Asteraceae Bercht. & J. Presl
Bartlettina,Asteraceae Bercht. & J. Presl
Bartleya,Dicranaceae Schimp.
Bartonia,Gentianaceae Juss.
Bartramia,Bartramiaceae Schwägr.
Bartramidula,Bartramiaceae Schwägr.
Bartramiopsis,Polytrichaceae Schwägr.
Bartsia,Scrophulariaceae Juss.
Basella,Basellaceae Raf.
Basiphyllaea,Orchidaceae Juss.
Basistelma,Asclepiadaceae Borkh.
Bassia,Chenopodiaceae Vent.
Bastardia,Malvaceae Juss.
Bastardiopsis,Malvaceae Juss.
Bataprine,Rubiaceae Juss.
Batesimalva,Malvaceae Juss.
Bathelium,Trypetheliaceae Eschw.
Batidophaca,Fabaceae Lindl.
Batis,Bataceae Mart. ex Perleb.
Batocydia,Bignoniaceae Juss.
Batodendron,Ericaceae Juss.
Batrachium,Ranunculaceae Juss.
Batschia,Boraginaceae Juss.
Bauhinia,Fabaceae Lindl.
Bazzania,Lepidoziaceae Limpr.
Beadlea,Orchidaceae Juss.
Beaucarnea,Liliaceae Juss.
Bebbia,Asteraceae Bercht. & J. Presl
Beckmannia,Poaceae Barnhart
Beckwithia,Ranunculaceae Juss.
Befaria,Ericaceae Juss.
Begonia,Begoniaceae C. Agardh
Beilschmiedia,Lauraceae Juss.
Bejaria,Ericaceae Juss.
Belamcanda,Iridaceae Juss.
Bellardia,Scrophulariaceae Juss.
Bellemerea,Porpidiaceae Hertel & Hafellner
Bellis,Asteraceae Bercht. & J. Presl
Beloglottis,Orchidaceae Juss.
Belonia,Gyalectaceae Stizenb.
Beloperone,Acanthaceae Juss.
Belvisia,Polypodiaceae J. Presl & C. Presl
Benincasa,Cucurbitaceae Juss.
Benitoa,Asteraceae Bercht. & J. Presl
Bensonia,Saxifragaceae Juss.
Bensoniella,Saxifragaceae Juss.
Benthamantha,Fabaceae Lindl.
Benthamia,Boraginaceae Juss.
Benthamidia,Cornaceae Bercht. & J. Presl
Benzoin,Lauraceae Juss.
Berberis,Berberidaceae Juss.
Berchemia,Rhamnaceae Juss.
Bergenia,Saxifragaceae Juss.
Bergerocactus,Cactaceae Juss.
Bergerocereus,Cactaceae Juss.
Bergia,Elatinaceae Dumort.
Berginia,Acanthaceae Juss.
Berkheya,Asteraceae Bercht. & J. Presl
Berlandiera,Asteraceae Bercht. & J. Presl
Bernardia,Euphorbiaceae Juss.
Berteroa,Brassicaceae Burnett
Berthelotia,Asteraceae Bercht. & J. Presl
Bertholletia,Lecythidaceae A. Rich.
Berula,Apiaceae Lindl.
Besseya,Scrophulariaceae Juss.
Bestia,Brachytheciaceae Schimp.
Beta,Chenopodiaceae Vent.
Betonica,Lamiaceae Martinov
Betula,Betulaceae
Betula-alnus,Betulaceae Gray
Biancaea,Fabaceae Lindl.
Biatora,Bacidiaceae Walt. Watson
Biatorella,Acarosporaceae Zahlbr.
Biatoropsis,Uncertain Basidiomycota Family
Bicuculla,Fumariaceae Marquis
Bidens,Asteraceae Bercht. & J. Presl
Bifora,Apiaceae Lindl.
Bigelovia,Asteraceae Bercht. & J. Presl
Bigelowia,Asteraceae Bercht. & J. Presl
Bignonia,Loganiaceae R. Br. ex Mart.
Bigonia,Loganiaceae R. Br. ex Mart.
Bihai,Heliconiaceae Nakai
Bikkia,Rubiaceae Juss.
Bilderdykia,Polygonaceae Juss.
Bilimbia,Bacidiaceae Walt. Watson
Billbergia,Bromeliaceae Juss.
Billieturnera,Malvaceae Juss.
Biltia,Ericaceae Juss.
Biota,Cupressaceae Gray
Biovularia,Lentibulariaceae Rich.
Bischofia,Euphorbiaceae Juss.
Biserrula,Fabaceae Lindl.
Bistorta,Polygonaceae Juss.
Bituminaria,Fabaceae Lindl.
Biventraria,Asclepiadaceae Borkh.
Bivonea,Euphorbiaceae Juss.
Bixa,Bixaceae Kunth
Blackiella,Chenopodiaceae Vent.
Blasia,Blasiaceae H. Klinggr.
Blastania,Cucurbitaceae Juss.
Blastenia,Teloschistaceae Zahlbr.
Blechnum,Blechnaceae Newman
Blechum,Acanthaceae Juss.
Blennosperma,Asteraceae Bercht. & J. Presl
Blepharidachne,Poaceae Barnhart
Blephariglotis,Orchidaceae Juss.
Blepharipappus,Asteraceae Bercht. & J. Presl
Blepharizonia,Asteraceae Bercht. & J. Presl
Blepharoneuron,Poaceae Barnhart
Blepharostoma,Pseudolepicoleaceae Fulford & J. Taylor
Blephilia,Lamiaceae Martinov
Bletia,Orchidaceae Juss.
Bletilla,Orchidaceae Juss.
Blighia,Sapindaceae Juss.
Blindia,Seligeriaceae Schimp.
Blitum,Chenopodiaceae Vent.
Bloomeria,Liliaceae Juss.
Blumea,Asteraceae Bercht. & J. Presl
Blutaparon,Amaranthaceae Martinov
Blysmopsis,Cyperaceae Juss.
Blysmus,Cyperaceae Juss.
Blyxa,Hydrocharitaceae Juss.
Bobea,Rubiaceae Juss.
Bocconia,Papaveraceae Juss.
Bodiera,Polygalaceae Hoffmanns. & Link
Boebera,Asteraceae Bercht. & J. Presl
Boechera,Brassicaceae Burnett
Boehmeria,Urticaceae Juss.
Boerhavia,Nyctaginaceae Juss.
Boesenbergia,Zingiberaceae Martinov
Bogenhardia,Malvaceae Juss.
Boisduvalia,Onagraceae Juss.
Bolandra,Saxifragaceae Juss.
Bolbitis,Dryopteridaceae Herter
Bolbophyllaria,Orchidaceae Juss.
Bolboschoenus,Cyperaceae Juss.
Bolboxalis,Oxalidaceae R. Br.
Bolophyta,Asteraceae Bercht. & J. Presl
Boltonia,Asteraceae Bercht. & J. Presl
Bomarea,Liliaceae Juss.
Bombax,Bombacaceae Kunth
Bombycilaena,Asteraceae Bercht. & J. Presl
Bombyliospora,Letrouitiaceae Hafellner & Bellem.
Bommeria,Pteridaceae E.D.M. Kirchn.
Bonamia,Convolvulaceae Juss.
Bonaveria,Fabaceae Lindl.
Bontia,Myoporaceae R. Br.
Borago,Boraginaceae Juss.
Borassus,Arecaceae Bercht. & J. Presl
Borbonia,Fabaceae Lindl.
Borinda,Poaceae Barnhart
Boronia,Rutaceae Juss.
Borreria,Rubiaceae Juss.
Borrichia,Asteraceae Bercht. & J. Presl
Borya,Santalaceae R. Br.
Borzicactus,Cactaceae Juss.
Boschniakia,Orobanchaceae Vent.
Boscia,Capparaceae Juss.
Bossiaea,Fabaceae Lindl.
Boswellia,Burseraceae Kunth
Bothriochloa,Poaceae Barnhart
Bothriospermum,Boraginaceae Juss.
Botrychium,Ophioglossaceae Martinov
Botrydina,Tricholomataceae R. Heim ex Pouzar
Botrydium,Chenopodiaceae Vent.
Botrypus,Ophioglossaceae Martinov
Bottaria,Pyrenulaceae Rabenh.
Bouchea,Verbenaceae J. St.-Hil.
Bouchetia,Solanaceae Juss.
Bougainvillea,Nyctaginaceae Juss.
Bourreria,Boraginaceae Juss.
Boussingaultia,Basellaceae Raf.
Bouteloua,Poaceae Barnhart
Bouvardia,Rubiaceae Juss.
Bowlesia,Apiaceae Lindl.
Boykinia,Saxifragaceae Juss.
Brachelyma,Fontinalaceae Schimp.
Brachiaria,Poaceae Barnhart
Brachionidium,Orchidaceae Juss.
Brachyachne,Poaceae Barnhart
Brachyactis,Asteraceae Bercht. & J. Presl
Brachychaeta,Asteraceae Bercht. & J. Presl
Brachychiton,Sterculiaceae Vent.
Brachydontium,Seligeriaceae Schimp.
Brachyelytrum,Poaceae Barnhart
Brachymenium,Bryaceae Rchb.
Brachyodon,Seligeriaceae Schimp.
Brachypodium,Poaceae Barnhart
Brachypodum,Poaceae Barnhart
Brachypterys,Malpighiaceae Juss.
Brachyris,Asteraceae Bercht. & J. Presl
Brachystigma,Scrophulariaceae Juss.
Brachythecium,Amblystegiaceae Kindb.
Bracteantha,Asteraceae Bercht. & J. Presl
Bracyrhamphus,Asteraceae Bercht. & J. Presl
Bradburia,Asteraceae Bercht. & J. Presl
Bradburya,Fabaceae Lindl.
Brahea,Arecaceae Bercht. & J. Presl
Bramia,Scrophulariaceae Juss.
Brandegea,Cucurbitaceae Juss.
Brasenia,Cabombaceae Rich. ex A. Rich.
Brasiliopuntia,Cactaceae Juss.
Brassaia,Araliaceae Juss.
Brassavola,Orchidaceae Juss.
Brassia,Orchidaceae Juss.
Brassica,Brassicaceae Burnett
Brauneria,Asteraceae Bercht. & J. Presl
Braunia,Hedwigiaceae Schimp.
Braxilia,Pyrolaceae Lindl.
Braya,Brassicaceae Burnett
Brayulinea,Amaranthaceae Martinov
Brazoria,Lamiaceae Martinov
Breea,Asteraceae Bercht. & J. Presl
Breidleria,Hypnaceae Schimp.
Breitungia,Crassulaceae J. St.-Hil.
Brevoortia,Liliaceae Juss.
Breweria,Convolvulaceae Juss.
Breynia,Euphorbiaceae Juss.
Brickellia,Asteraceae Bercht. & J. Presl
Brickelliastrum,Asteraceae Bercht. & J. Presl
Bridelia,Euphorbiaceae Juss.
Brigantiaea,Brigantiaceae Hafellner & Bellem.
Brighamia,Campanulaceae Juss.
Brintonia,Asteraceae Bercht. & J. Presl
Briza,Poaceae Barnhart
Brizopyrum,Poaceae Barnhart
Brodiaea,Liliaceae Juss.
Brodoa,Parmeliaceae F. Berchtold & J. Presl
Bromelia,Bromeliaceae Juss.
Bromelica,Poaceae Barnhart
Bromidium,Poaceae Barnhart
Bromopsis,Poaceae Barnhart
Bromus,Poaceae
Brongniartia,Fabaceae Lindl.
Brosimum,Moraceae Gaudich.
Brothera,Dicranaceae Schimp.
Brotherella,Hypnaceae Schimp.
Broughtonia,Orchidaceae Juss.
Broussaisia,Hydrangeaceae Dumort.
Broussonetia,Moraceae Gaudich.
Browallia,Solanaceae Juss.
Brucea,Simaroubaceae DC.
Bruchia,Bruchiaceae Schimp.
Brugmansia,Solanaceae Juss.
Bruguiera,Rhizophoraceae Pers.
Brunellia,Brunelliaceae Engl.
Brunfelsia,Solanaceae Juss.
Bruniera,Lemnaceae Martinov
Brunnera,Boraginaceae Juss.
Brunnichia,Polygonaceae Juss.
Brya,Fabaceae Lindl.
Bryhnia,Brachytheciaceae Schimp.
Bryoandersonia,Brachytheciaceae Schimp.
Bryobrittonia,Encalyptaceae Schimp.
Bryocaulon,Parmeliaceae F. Berchtold & J. Presl
Bryocles,Liliaceae Juss.
Bryocrumia,Hypnaceae Schimp.
Bryoerythrophyllum,Pottiaceae Hampe
Bryohaplocladium,Thuidiaceae Schimp.
Bryolawtonia,Thamnobryaceae Margad. & During
Bryonia,Cucurbitaceae Juss.
Bryonora,Lecanoraceae Körb.
Bryophyllum,Crassulaceae J. St.-Hil.
Bryopogon,Parmeliaceae F. Berchtold & J. Presl
Bryoria,Parmeliaceae F. Berchtold & J. Presl
Bryoxiphium,Bryoxiphiaceae Besch.
Bryum,Bryaceae Rchb.
Bucegia,Marchantiaceae Lindl.
Bucephalon,Moraceae Gaudich.
Buchanania,Anacardiaceae R. Br.
Buchenavia,Combretaceae R. Br.
Buchloe,Poaceae Barnhart
Buchnera,Scrophulariaceae Juss.
Bucida,Combretaceae R. Br.
Buckleya,Santalaceae R. Br.
Buddleja,Buddlejaceae K. Wilh.
Buellia,Dactylosporaceae Bellem. & Hafellner
Buelliella,Dactylosporaceae Bellem. & Hafellner
Buelliopsis,Physciaceae Zahlbr.
Buglossoides,Boraginaceae Juss.
Buglossum,Boraginaceae Juss.
Bulbilis,Poaceae Barnhart
Bulbine,Liliaceae Juss.
Bulbocastanum,Apiaceae Lindl.
Bulbocodium,Liliaceae Juss.
Bulbophyllum,Orchidaceae Juss.
Bulbostylis,Cyperaceae Juss.
Bulbothrix,Parmeliaceae F. Berchtold & J. Presl
Bullatina,Gomphillaceae Walt. Watson
Bulliarda,Crassulaceae J. St.-Hil.
Bulnesia,Zygophyllaceae R. Br.
Bumelia,Sapotaceae Juss.
Bunchosia,Malpighiaceae Juss.
Bunias,Brassicaceae Burnett
Bunium,Apiaceae Lindl.
Bunodophoron,Sphaerophoraceae Fr.
Buphthalmum,Asteraceae Bercht. & J. Presl
Bupleurum,Apiaceae Lindl.
Burmannia,Burmanniaceae Blume
Bursa,Brassicaceae Burnett
Bursera,Burseraceae Kunth
Burshia,Haloragaceae R. Br.
Butea,Fabaceae Lindl.
Butia,Arecaceae Bercht. & J. Presl
Butomus,Butomaceae Mirb.
Buttonia,Scrophulariaceae Juss.
Butyrospermum,Sapotaceae Juss.
Buxbaumia,Buxbaumiaceae Schwägr.
Buxella,Ericaceae Juss.
Buxus,Buxaceae Dumort.
Byrsonima,Malpighiaceae Juss.
Byssoloma,Pilocarpaceae Zahlbr.
Cabomba,Cabombaceae Rich. ex A. Rich.
Cacalia,Asteraceae Bercht. & J. Presl
Cacaliopsis,Asteraceae Bercht. & J. Presl
Cacao,Sterculiaceae Vent.
Cacara,Fabaceae Lindl.
Caconapea,Scrophulariaceae Juss.
Cactus,Cactaceae Juss.
Cadaba,Capparaceae Juss.
Caesalpinia,Fabaceae Lindl.
Cailliea,Fabaceae Lindl.
Cajan,Fabaceae Lindl.
Cajanus,Fabaceae Lindl.
Cakile,Brassicaceae Burnett
Caladium,Araceae Juss.
Calamagrostis,Poaceae
Calamaria,Isoetaceae Dumort.
Calamintha,Lamiaceae Martinov
Calamovilfa,Poaceae Barnhart
Calamus,Arecaceae Bercht. & J. Presl
Calandrinia,Portulacaceae Dumort.
Calanthe,Orchidaceae Juss.
Calathea,Marantaceae R. Br.
Calathiana,Gentianaceae Juss.
Calceolaria,Scrophulariaceae Juss.
Calea,Asteraceae Bercht. & J. Presl
Calendula,Asteraceae Bercht. & J. Presl
Calenia,Gomphillaceae Walt. Watson
Calepina,Brassicaceae Burnett
Calestania,Apiaceae Lindl.
Calibrachoa,Solanaceae Juss.
Calicium,Caliciaceae Chevall.
California,Geraniaceae Juss.
Calla,Araceae Juss.
Callaeum,Malpighiaceae Juss.
Calliandra,Fabaceae Lindl.
Callicarpa,Verbenaceae J. St.-Hil.
Callicladium,Hypnaceae Schimp.
Callicostella,Callicostaceae H.A. Crum
Calliergidium,Amblystegiaceae Kindb.
Calliergon,Amblystegiaceae Kindb.
Calliergonella,Amblystegiaceae Kindb.
Calligonum,Polygonaceae Juss.
Calliopsis,Asteraceae Bercht. & J. Presl
Calliprora,Liliaceae Juss.
Callirhoe,Malvaceae Juss.
Calliscirpus,Cyperaceae Juss.
Callisia,Commelinaceae Mirb.
Callistemon,Myrtaceae Juss.
Callistephus,Asteraceae Bercht. & J. Presl
Callisteris,Polemoniaceae Juss.
Callistopteris,Hymenophyllaceae Mart.
Callitriche,Callitrichaceae Link.
Callitris,Cupressaceae Gray
Callitropsis,Cupressaceae Gray
Calluna,Ericaceae Juss.
Calocarpum,Sapotaceae Juss.
Calocedrus,Cupressaceae
Calochortus,Liliaceae Juss.
Calodendrum,Rutaceae Juss.
Caloncoba,Flacourtiaceae Rich. ex DC.
Calonyction,Convolvulaceae Juss.
Calopadia,Ectolechiaceae Zahlbr.
Calophaca,Fabaceae Lindl.
Calophanes,Acanthaceae Juss.
Calophyllum,Clusiaceae Lindl.
Caloplaca,Candelariaceae Hakul.
Caloplacopsis,Candelariaceae Hakul.
Calopogon,Orchidaceae Juss.
Calopogonium,Fabaceae Lindl.
Calothamnus,Myrtaceae Juss.
Calotis,Asteraceae Bercht. & J. Presl
Calotropis,Asclepiadaceae Borkh.
Calpidisca,Lentibulariaceae Rich.
Caltha,Ranunculaceae Juss.
Calycadenia,Asteraceae Bercht. & J. Presl
Calycanthus,Calycanthaceae Lindl.
Calycera,Calyceraceae R. Br. ex Rich.
Calycocarpum,Menispermaceae Juss.
Calycogonium,Melastomataceae Juss.
Calycophyllum,Rubiaceae Juss.
Calycoseris,Asteraceae Bercht. & J. Presl
Calycularia,Allisoniaceae Schljakov
Calydorea,Iridaceae Juss.
Calylophus,Onagraceae Juss.
Calymenia,Nyctaginaceae Juss.
Calymmandra,Asteraceae Bercht. & J. Presl
Calymperes,Calymperaceae Kindb.
Calymperopsis,Calymperaceae Kindb.
Calypogeia,Calypogeiaceae Arnell
Calypso,Orchidaceae Juss.
Calyptocarpus,Asteraceae Bercht. & J. Presl
Calyptochloa,Poaceae Barnhart
Calyptracordia,Ulmaceae Mirb.
Calyptranthes,Myrtaceae Juss.
Calyptridium,Portulacaceae Dumort.
Calyptrogyne,Arecaceae Bercht. & J. Presl
Calyptronoma,Arecaceae Bercht. & J. Presl
Calyptropsidium,Myrtaceae Juss.
Calystegia,Convolvulaceae Juss.
Calytrix,Myrtaceae Juss.
Camassia,Liliaceae Juss.
Camelina,Brassicaceae Burnett
Camellia,Theaceae Mirb.
Camissonia,Onagraceae Juss.
Campanula,Campanulaceae Juss.
Campanulastrum,Campanulaceae Juss.
Campe,Brassicaceae Burnett
Campelia,Commelinaceae Mirb.
Camphora,Lauraceae Juss.
Camphorosma,Chenopodiaceae Vent.
Campnospera,Anacardiaceae R. Br.
Campnosperma,Anacardiaceae R. Br.
Campsis,Bignoniaceae Juss.
Camptosorus,Aspleniaceae Newman
Camptotheca,Cornaceae Bercht. & J. Presl
Camptothecium,Amblystegiaceae Kindb.
Camptouratea,Ochnaceae DC.
Campulosus,Poaceae Barnhart
Campylium,Amblystegiaceae Kindb.
Campylocentrum,Orchidaceae Juss.
Campyloneurum,Polypodiaceae J. Presl & C. Presl
Campylophyllum,Amblystegiaceae Kindb.
Campylopodiella,Dicranaceae Schimp.
Campylopus,Dicranaceae Schimp.
Campylostelium,Ptychomitriaceae Schimp.
Campylothelium,Trypetheliaceae Eschw.
Canadanthus,Asteraceae Bercht. & J. Presl
Cananga,Annonaceae Juss.
Canarina,Campanulaceae Juss.
Canarium,Burseraceae Kunth
Canavalia,Fabaceae Lindl.
Canbya,Papaveraceae Juss.
Candelaria,Candelariaceae Hakul.
Candelariella,Bacidiaceae Walt. Watson
Candelina,Candelariaceae Hakul.
Canella,Canellaceae Mart.
Canna,Cannaceae Juss.
Cannabis,Cannabaceae Martinov
Canoparmelia,Parmeliaceae F. Berchtold & J. Presl
Canotia,Celastraceae R. Br.
Cantharospermum,Fabaceae Lindl.
Canthium,Rubiaceae Juss.
Cantinoa,Lamiaceae Martinov
Cantua,Polemoniaceae Juss.
Caperonia,Euphorbiaceae Juss.
Capnoides,Fumariaceae Marquis
Capparis,Capparaceae Juss.
Capraria,Scrophulariaceae Juss.
Capriola,Poaceae Barnhart
Capsella,Brassicaceae Burnett
Capsicum,Solanaceae Juss.
Caragana,Fabaceae Lindl.
Caralluma,Asclepiadaceae Borkh.
Carapa,Meliaceae Juss.
Carara,Brassicaceae Burnett
Caraxeron,Amaranthaceae Martinov
Carbonea,Lecanoraceae Körb.
Cardamine,Brassicaceae Burnett
Cardaminopsis,Brassicaceae Burnett
Cardaria,Brassicaceae Burnett
Cardionema,Caryophyllaceae Juss.
Cardiospermum,Sapindaceae Juss.
Carduus,Asteraceae Bercht. & J. Presl
Carex,Cyperaceae Juss.
Carica,Caricaceae Dumort.
Carissa,Apocynaceae Juss.
Carlina,Asteraceae Bercht. & J. Presl
Carlowrightia,Acanthaceae Juss.
Carlquistia,Asteraceae Bercht. & J. Presl
Carludovica,Cyclanthaceae Poit. ex A. Rich.
Carmichaelia,Fabaceae Lindl.
Carminatia,Asteraceae Bercht. & J. Presl
Carmona,Boraginaceae Juss.
Carnegia,Cactaceae Juss.
Carnegiea,Cactaceae Juss.
Carpenteria,Hydrangeaceae Dumort.
Carphephorus,Asteraceae Bercht. & J. Presl
Carphochaete,Asteraceae Bercht. & J. Presl
Carpinus,Betulaceae Gray
Carpobolus,Notothyladaceae Müll. Frib. ex Prosk.
Carpobrotus,Aizoaceae Martinov
Carpoceros,Anthocerotaceae Dumort.
Carpolipum,Notothyladaceae Müll. Frib. ex Prosk.
Carteria,Orchidaceae Juss.
Carthamus,Asteraceae Bercht. & J. Presl
Cartrema,Oleaceae Hoffmanns. & Link
Carum,Apiaceae Lindl.
Carya,Juglandaceae DC. ex Perleb
Caryocar,Caryocaraceae Voigt
Caryolophora,Boraginaceae Juss.
Caryophyllus,Myrtaceae Juss.
Caryopteris,Verbenaceae J. St.-Hil.
Caryota,Arecaceae Bercht. & J. Presl
Casasia,Rubiaceae Juss.
Cascabela,Apocynaceae Juss.
Cascadia,Saxifragaceae Juss.
Casearia,Flacourtiaceae Rich. ex DC.
Casimiroa,Rutaceae Juss.
Casparea,Fabaceae Lindl.
Caspareopsis,Fabaceae Lindl.
Cassia,Fabaceae Lindl.
Cassine,Celastraceae R. Br.
Cassiope,Ericaceae Juss.
Cassipourea,Rhizophoraceae Pers.
Cassytha,Cactaceae Juss.
Castalia,Nymphaeaceae Salisb.
Castalis,Asteraceae Bercht. & J. Presl
Castanea,Fagaceae Dumort.
Castanopsis,Fagaceae Dumort.
Castela,Simaroubaceae DC.
Castelaria,Simaroubaceae DC.
Castellia,Poaceae Barnhart
Castilla,Moraceae Gaudich.
Castilleja,Scrophulariaceae Juss.
Casuarina,Casuarinaceae R. Br.
Catabrosa,Poaceae Barnhart
Catalpa,Bignoniaceae Juss.
Catananche,Asteraceae Bercht. & J. Presl
Catapodium,Poaceae Barnhart
Catapyrenium,Verrucariaceae Eschw.
Catesbaea,Rubiaceae Juss.
Catha,Celastraceae R. Br.
Catharanthus,Apocynaceae Juss.
Cathartolinum,Linaceae DC. ex Perleb
Cathestecum,Poaceae Barnhart
Catillaria,Bacidiaceae Walt. Watson
Catimbium,Zingiberaceae Martinov
Catinaria,Lecanoraceae Körb.
Catolechia,Rhizocarpaceae M. Choisy ex Hafellner
Catopsis,Bromeliaceae Juss.
Catoscopium,Catoscopiaceae Boulay ex Broth.
Cattleya,Orchidaceae Juss.
Caucalis,Apiaceae Lindl.
Caudalejeunea,Lejeuneaceae Rostovzev
Caulanthus,Brassicaceae Burnett
Caularthron,Orchidaceae Juss.
Caulerpa,Caulerpaceae
Caulinia,Najadaceae Juss.
Caulophyllum,Berberidaceae Juss.
Caulostramina,Brassicaceae Burnett
Cavernularia,Parmeliaceae F. Berchtold & J. Presl
Cayaponia,Cucurbitaceae Juss.
Cayratia,Vitaceae Juss.
Ceanothus,Rhamnaceae Juss.
Cecidonia,Lecideaceae Chevall.
Cecropia,Cecropiaceae C.C. Berg
Cedrela,Meliaceae Juss.
Cedronella,Lamiaceae Martinov
Cedrus,Pinaceae Spreng. ex Rudolphi
Ceiba,Bombacaceae Kunth
Celastrus,Celastraceae R. Br.
Celeri,Apiaceae Lindl.
Celidium,Arthoniaceae Rchb.
Celmisia,Asteraceae Bercht. & J. Presl
Celosia,Amaranthaceae Martinov
Celothelium,Uncertain Ascomycota Family
Celtica,Poaceae Barnhart
Celtis,Cannabaceae
Cenchropsis,Poaceae Barnhart
Cenchrus,Poaceae Barnhart
Centaurea,Asteraceae Bercht. & J. Presl
Centaurella,Gentianaceae Juss.
Centaurium,Gentianaceae Juss.
Centella,Apiaceae Lindl.
Centipeda,Asteraceae Bercht. & J. Presl
Centotheca,Poaceae Barnhart
Centranthus,Valerianaceae Batsch
Centratherum,Asteraceae Bercht. & J. Presl
Centrogenium,Orchidaceae Juss.
Centromadia,Asteraceae Bercht. & J. Presl
Centropodia,Poaceae Barnhart
Centrosema,Fabaceae Lindl.
Centrostachys,Amaranthaceae Martinov
Centrostegia,Polygonaceae Juss.
Centunculus,Primulaceae Batsch
Ceodes,Nyctaginaceae Juss.
Cephaelis,Rubiaceae Juss.
Cephalanthera,Orchidaceae Juss.
Cephalanthus,Rubiaceae Juss.
Cephalaria,Dipsacaceae Juss.
Cephalocereus,Cactaceae Juss.
Cephalomanes,Hymenophyllaceae Mart.
Cephalonema,Tiliaceae Juss.
Cephalophysis,Teloschistaceae Zahlbr.
Cephalotaxus,Cephalotaxaceae Neger
Cephalozia,Cephaloziaceae Mig.
Cephaloziella,Cephaloziellaceae Douin
Ceranthera,Lamiaceae Martinov
Cerastium,Caryophyllaceae Juss.
Cerasus,Rosaceae Juss.
Ceratiola,Empetraceae Hook. & Lindl.
Ceratocephala,Ranunculaceae Juss.
Ceratochloa,Poaceae Barnhart
Ceratodon,Ditrichaceae Limpr.
Ceratoides,Chenopodiaceae Vent.
Ceratolejeunea,Lejeuneaceae Rostovzev
Ceratonia,Fabaceae Lindl.
Ceratophyllum,Ceratophyllaceae Gray
Ceratopteris,Parkeriaceae Hook.
Ceratostema,Ericaceae Juss.
Ceratostigma,Plumbaginaceae Juss.
Ceratotheca,Pedaliaceae R. Br.
Ceratoxalis,Oxalidaceae R. Br.
Cerbera,Apocynaceae Juss.
Cercidiphyllum,Cercidiphyllaceae Engl.
Cercidium,Fabaceae Lindl.
Cercidospora,Uncertain Ascomycota Family
Cercis,Fabaceae Lindl.
Cercocarpus,Rosaceae
Cerdana,Boraginaceae Juss.
Cerefolium,Apiaceae Lindl.
Cereus,Cactaceae Juss.
Cerinthe,Boraginaceae Juss.
Ceriops,Rhizophoraceae Pers.
Ceropegia,Asclepiadaceae Borkh.
Cerothamnus,Myricaceae Rich. ex Kunth
Ceroxylon,Arecaceae Bercht. & J. Presl
Cestichis,Orchidaceae Juss.
Cestrum,Solanaceae Juss.
Ceterach,Aspleniaceae Newman
Cetraria,Parmeliaceae F. Berchtold & J. Presl
Cetrariastum,Parmeliaceae F. Berchtold & J. Presl
Cetrariella,Parmeliaceae F. Berchtold & J. Presl
Cetrelia,Parmeliaceae F. Berchtold & J. Presl
Cevallia,Loasaceae Juss.
Chaenactis,Asteraceae Bercht. & J. Presl
Chaenomeles,Rosaceae Juss.
Chaenorhinum,Scrophulariaceae Juss.
Chaenotheca,Coniocybaceae Rchb.
Chaenothecopsis,Mycocaliciaceae A.F.W. Schmidt
Chaerophyllum,Apiaceae Lindl.
Chaetadelpha,Asteraceae Bercht. & J. Presl
Chaetochloa,Poaceae Barnhart
Chaetocyperus,Cyperaceae Juss.
Chaetopappa,Asteraceae Bercht. & J. Presl
Chaetotropis,Poaceae Barnhart
Chaiturus,Lamiaceae Martinov
Chalcas,Rutaceae Juss.
Chamaebatia,Rosaceae Juss.
Chamaebatiaria,Rosaceae Juss.
Chamaeceros,Notothyladaceae Müll. Frib. ex Prosk.
Chamaechaenactis,Asteraceae Bercht. & J. Presl
Chamaecistus,Ericaceae Juss.
Chamaecrista,Fabaceae Lindl.
Chamaecyparis,Cupressaceae
Chamaecystis,Fabaceae Lindl.
Chamaecytisus,Fabaceae Lindl.
Chamaedaphne,Ericaceae Juss.
Chamaedorea,Arecaceae Bercht. & J. Presl
Chamaefistula,Fabaceae Lindl.
Chamaelirium,Liliaceae Juss.
Chamaemelum,Asteraceae Bercht. & J. Presl
Chamaenerion,Onagraceae Juss.
Chamaepericlymenum,Cornaceae Bercht. & J. Presl
Chamaephoenix,Arecaceae Bercht. & J. Presl
Chamaerhodos,Rosaceae Juss.
Chamaerops,Arecaceae Bercht. & J. Presl
Chamaesaracha,Solanaceae Juss.
Chamaesenna,Fabaceae Lindl.
Chamaespartium,Fabaceae Lindl.
Chamaesyce,Euphorbiaceae Juss.
Chamberlainia,Brachytheciaceae Schimp.
Chamelaucium,Myrtaceae Juss.
Chamerion,Onagraceae Juss.
Chamisme,Rubiaceae Juss.
Chamissoa,Amaranthaceae Martinov
Chamomilla,Asteraceae Bercht. & J. Presl
Chandonanthus,Jungermanniaceae Rchb.
Chapmannia,Fabaceae Lindl.
Chaptalia,Asteraceae Bercht. & J. Presl
Charpentiera,Amaranthaceae Martinov
Chascolytrum,Poaceae Barnhart
Chasmanthe,Iridaceae Juss.
Chasmanthium,Poaceae Barnhart
Cheilanthes,Pteridaceae E.D.M. Kirchn.
Cheilocostus,Costaceae Nakai
Cheilolejeunea,Lejeuneaceae Rostovzev
Cheiranthus,Brassicaceae Burnett
Cheiridopsis,Aizoaceae Martinov
Cheirinia,Brassicaceae Burnett
Cheirodendron,Araliaceae Juss.
Cheiroglossa,Ophioglossaceae Martinov
Cheirostemon,Sterculiaceae Vent.
Cheirostylis,Orchidaceae Juss.
Chelidonium,Papaveraceae Juss.
Chelone,Scrophulariaceae Juss.
Chenopodium,Chenopodiaceae Vent.
Chetyson,Crassulaceae J. St.-Hil.
Chilianthus,Buddlejaceae K. Wilh.
Chilopsis,Bignoniaceae Juss.
Chiloschista,Orchidaceae Juss.
Chiloscyphus,Geocalycaceae H. Klinggr.
Chimaphila,Pyrolaceae Lindl.
Chiococca,Rubiaceae Juss.
Chiodecton,Arthoniaceae Rchb.
Chiogenes,Ericaceae Juss.
Chionanthus,Oleaceae Hoffmanns. & Link
Chione,Rubiaceae Juss.
Chionodoxa,Liliaceae Juss.
Chionophila,Scrophulariaceae Juss.
Chionosphaera,Chionosphaeraceae Oberw. & Bandoni
Chiranthodendron,Sterculiaceae Vent.
Chironia,Gentianaceae Juss.
Chiropetalum,Euphorbiaceae Juss.
Chloracantha,Asteraceae Bercht. & J. Presl
Chloris,Poaceae Barnhart
Chlorocrambe,Brassicaceae Burnett
Chlorocrepis,Asteraceae Bercht. & J. Presl
Chlorogalum,Liliaceae Juss.
Chloroleucon,Fabaceae Lindl.
Chlorophora,Moraceae Gaudich.
Chlorophytum,Liliaceae Juss.
Chloropyron,Scrophulariaceae Juss.
Choerospondias,Anacardiaceae R. Br.
Choisya,Rutaceae Juss.
Chondrilla,Asteraceae Bercht. & J. Presl
Chondrodendron,Menispermaceae Juss.
Chondrophora,Asteraceae Bercht. & J. Presl
Chondrophylla,Gentianaceae Juss.
Chondrosum,Poaceae Barnhart
Chonecolea,Chonecoleaceae R.M. Schust. ex Grolle
Choretis,Liliaceae Juss.
Chorisia,Bombacaceae Kunth
Chorisiva,Asteraceae Bercht. & J. Presl
Chorispora,Brassicaceae Burnett
Chorizanthe,Polygonaceae Juss.
Christella,Thelypteridaceae Ching ex Pic. Serm.
Christia,Fabaceae Lindl.
Christolea,Brassicaceae Burnett
Chromatochlamys,Thelenellaceae O.E. Erikss. ex H. Mayrhofer
Chromolaena,Asteraceae Bercht. & J. Presl
Chrosperma,Liliaceae Juss.
Chrozophora,Euphorbiaceae Juss.
Chrysactinia,Asteraceae Bercht. & J. Presl
Chrysalidocarpus,Arecaceae Bercht. & J. Presl
Chrysamphora,Sarraceniaceae Dumort.
Chrysanthellum,Asteraceae Bercht. & J. Presl
Chrysanthemum,Asteraceae Bercht. & J. Presl
Chryso-hypnum,Hypnaceae Schimp.
Chrysobalanus,Chrysobalanaceae R. Br.
Chrysobotrya,Grossulariaceae DC.
Chrysocoma,Asteraceae Bercht. & J. Presl
Chrysocyathus,Ranunculaceae Juss.
Chrysogonum,Asteraceae Bercht. & J. Presl
Chrysolarix,Pinaceae Spreng. ex Rudolphi
Chrysolepis,Fagaceae Dumort.
Chrysoma,Asteraceae Bercht. & J. Presl
Chrysophyllum,Sapotaceae Juss.
Chrysopogon,Poaceae Barnhart
Chrysopsis,Asteraceae Bercht. & J. Presl
Chrysosplenium,Saxifragaceae Juss.
Chrysothamnus,Asteraceae Bercht. & J. Presl
Chrysothemis,Gesneriaceae Rich. & Juss.
Chrysothrix,Chrysotrichaceae Zahlbr.
Chthonia,Asteraceae Bercht. & J. Presl
Chusquea,Poaceae Barnhart
Chylismia,Onagraceae Juss.
Cibotium,Dicksoniaceae M.R. Schomb.
Cicca,Euphorbiaceae Juss.
Cicendia,Gentianaceae Juss.
Cicer,Fabaceae Lindl.
Cichorium,Asteraceae Bercht. & J. Presl
Cicuta,Apiaceae Lindl.
Cienfuegosia,Malvaceae Juss.
Ciliaria,Saxifragaceae Juss.
Cimicifuga,Ranunculaceae Juss.
Ciminalis,Gentianaceae Juss.
Cinchona,Rubiaceae Juss.
Cinclidium,Mniaceae Schwägr.
Cineraria,Asteraceae Bercht. & J. Presl
Cinna,Poaceae Barnhart
Cinnamomum,Lauraceae Juss.
Cipura,Iridaceae Juss.
Circaea,Onagraceae Juss.
Cirriphyllum,Brachytheciaceae Schimp.
Cirsium,Asteraceae Bercht. & J. Presl
Cissampelos,Menispermaceae Juss.
Cissus,Vitaceae Juss.
Cistanthe,Portulacaceae Dumort.
Cistus,Cistaceae Juss.
Citharexylum,Verbenaceae J. St.-Hil.
Citrullus,Cucurbitaceae Juss.
Citrus,Rutaceae Juss.
Cladidium,Lecanoraceae Körb.
Cladina,Cladoniaceae Zenker
Cladium,Cyperaceae Juss.
Cladocarpa,Cucurbitaceae Juss.
Cladonia,Cladoniaceae Zenker
Cladopodiella,Cephaloziaceae Mig.
Cladoraphis,Poaceae Barnhart
Cladothamnus,Ericaceae Juss.
Cladothrix,Amaranthaceae Martinov
Cladrastis,Fabaceae Lindl.
Claopodium,Leskeaceae Schimp.
Claoxylon,Euphorbiaceae Juss.
Clappertonia,Tiliaceae Juss.
Clappia,Asteraceae Bercht. & J. Presl
Clarkia,Onagraceae Juss.
Clasmatodon,Fabroniaceae Schimp.
Clathroporina,Trichotheliaceae Bittner & F. Schill.
Clausena,Rutaceae Juss.
Clausenellia,Crassulaceae J. St.-Hil.
Clauzadea,Porpidiaceae Hertel & Hafellner
Clauzadeana,Lecanoraceae Körb.
Clavenna,Rubiaceae Juss.
Claytonia,Portulacaceae Dumort.
Cleidion,Euphorbiaceae Juss.
Cleisostoma,Orchidaceae Juss.
Cleistachne,Poaceae Barnhart
Cleistanthus,Euphorbiaceae Juss.
Cleistes,Orchidaceae Juss.
Cleistesiopsis,Orchidaceae Juss.
Cleistocactus,Cactaceae Juss.
Cleistocalyx,Myrtaceae Juss.
Cleistogenes,Poaceae Barnhart
Clematis,Ranunculaceae Juss.
Clementsia,Crassulaceae J. St.-Hil.
Cleome,Brassicaceae Burnett
Cleomella,Capparaceae Juss.
Clermontia,Campanulaceae Juss.
Clerodendrum,Verbenaceae J. St.-Hil.
Clethra,Clethraceae Klotzsch
Cleyera,Theaceae Mirb.
Clianthus,Fabaceae Lindl.
Clibadium,Asteraceae Bercht. & J. Presl
Clidemia,Melastomataceae Juss.
Cliftonia,Cyrillaceae Lindl.
Climacium,Climaciaceae Kindb.
Clinopodium,Lamiaceae Martinov
Clintonia,Liliaceae Juss.
Cliostomum,Bacidiaceae Walt. Watson
Clistoyucca,Agavaceae Dumort.
Clitoria,Fabaceae Lindl.
Clivia,Liliaceae Juss.
Clusia,Clusiaceae Lindl.
Clylismia,Onagraceae Juss.
Clypeococcum,Dacampiaceae Körb.
Clypeola,Brassicaceae Burnett
Cnemidaria,Cyatheaceae Kaulf.
Cnemidophacos,Fabaceae Lindl.
Cneoridium,Rutaceae Juss.
Cnestrum,Dicranaceae Schimp.
Cnicus,Asteraceae Bercht. & J. Presl
Cnidium,Apiaceae Lindl.
Cnidoscolus,Euphorbiaceae Juss.
Coccinia,Cucurbitaceae Juss.
Coccocarpia,Coccocarpiaceae Henssen
Coccocypselum,Rubiaceae Juss.
Coccoloba,Polygonaceae Juss.
Coccothrinax,Arecaceae Bercht. & J. Presl
Coccotrema,Coccotremataceae Henssen
Cocculus,Menispermaceae Juss.
Cochiseia,Cactaceae Juss.
Cochleanthes,Orchidaceae Juss.
Cochlearia,Brassicaceae Burnett
Cochleariopsis,Brassicaceae Burnett
Cochlidium,Grammitidaceae Newman
Cochlospermum,Bixaceae Kunth
Cochranea,Boraginaceae Juss.
Cockerellia,Crassulaceae J. St.-Hil.
Cocos,Arecaceae Bercht. & J. Presl
Codariocalyx,Fabaceae Lindl.
Codiaeum,Euphorbiaceae Juss.
Codonopsis,Campanulaceae Juss.
Coelia,Orchidaceae Juss.
Coelocaulon,Parmeliaceae F. Berchtold & J. Presl
Coelococcus,Arecaceae Bercht. & J. Presl
Coeloglossum,Orchidaceae Juss.
Coelogyne,Orchidaceae Juss.
Coelophragmus,Brassicaceae Burnett
Coelopleurum,Apiaceae Lindl.
Coelorachis,Poaceae Barnhart
Coelostylis,Loganiaceae R. Br. ex Mart.
Coenogonium,Gyalectaceae Stizenb.
Coffea,Rubiaceae Juss.
Cogswellia,Apiaceae Lindl.
Coincya,Brassicaceae Burnett
Coix,Poaceae Barnhart
Cojoba,Fabaceae Lindl.
Cola,Sterculiaceae Vent.
Colchicum,Liliaceae Juss.
Coldenia,Boraginaceae Juss.
Coleanthus,Poaceae Barnhart
Coleataenia,Poaceae Barnhart
Coleogeton,Potamogetonaceae Bercht. & J. Presl
Coleogyne,Rosaceae Juss.
Coleosanthus,Asteraceae Bercht. & J. Presl
Coleus,Lamiaceae Martinov
Collema,Collemataceae Zenker
Collemodes,Collemataceae Zenker
Colletia,Rhamnaceae Juss.
Collinsia,Scrophulariaceae Juss.
Collinsonia,Lamiaceae Martinov
Collomia,Polemoniaceae Juss.
Colobanthium,Poaceae Barnhart
Colocasia,Araceae Juss.
Colocynthis,Cucurbitaceae Juss.
Cologania,Fabaceae Lindl.
Cololejeunea,Lejeuneaceae Rostovzev
Colona,Tiliaceae Juss.
Colophospermum,Fabaceae Lindl.
Coloradoa,Cactaceae Juss.
Colpodium,Poaceae Barnhart
Colubrina,Rhamnaceae Juss.
Columbia,Tiliaceae Juss.
Columbiadoria,Asteraceae Bercht. & J. Presl
Columnea,Gesneriaceae Rich. & Juss.
Colutea,Fabaceae Lindl.
Comandra,Santalaceae R. Br.
Comarostaphylis,Ericaceae Juss.
Comarum,Rosaceae Juss.
Comastoma,Gentianaceae Juss.
Combea,Roccellaceae Chevall.
Combretum,Combretaceae R. Br.
Commelina,Commelinaceae Mirb.
Commelinantia,Commelinaceae Mirb.
Commelinopsis,Commelinaceae Mirb.
Commersonia,Sterculiaceae Vent.
Commicarpus,Nyctaginaceae Juss.
Commiphora,Burseraceae Kunth
Comocladia,Anacardiaceae R. Br.
Comparettia,Orchidaceae Juss.
Complaya,Asteraceae Bercht. & J. Presl
Comptonia,Myricaceae Rich. ex Kunth
Conami,Euphorbiaceae Juss.
Conardia,Amblystegiaceae Kindb.
Condalia,Rhamnaceae Juss.
Condaliopsis,Rhamnaceae Juss.
Condea,Lamiaceae Martinov
Condylidium,Asteraceae Bercht. & J. Presl
Congea,Verbenaceae J. St.-Hil.
Conicosia,Aizoaceae Martinov
Conimitella,Saxifragaceae Juss.
Coniocybe,Coniocybaceae Rchb.
Coniocybopsis,Microcaliciaceae Tibell
Coniogramme,Pteridaceae E.D.M. Kirchn.
Conioselinum,Apiaceae Lindl.
Conium,Apiaceae Lindl.
Connarus,Connaraceae R. Br.
Conobea,Scrophulariaceae Juss.
Conocarpus,Combretaceae R. Br.
Conocephalum,Conocephalaceae Müll. Frib. ex Grolle
Conoclinium,Asteraceae Bercht. & J. Presl
Conopholis,Orobanchaceae Vent.
Conostegia,Melastomataceae Juss.
Conostomum,Bartramiaceae Schwägr.
Conotrema,Thelotremataceae Stizenb.
Conradina,Lamiaceae Martinov
Conringia,Brassicaceae Burnett
Consolea,Cactaceae Juss.
Consolida,Ranunculaceae Juss.
Constancea,Asteraceae Bercht. & J. Presl
Convallaria,Liliaceae Juss.
Convolvulus,Convolvulaceae Juss.
Conyza,Asteraceae Bercht. & J. Presl
Cooperia,Liliaceae Juss.
Copaifera,Fabaceae Lindl.
Copernicia,Arecaceae Bercht. & J. Presl
Coprosma,Rubiaceae Juss.
Coptidium,Ranunculaceae Juss.
Coptis,Ranunculaceae Juss.
Cora,Corticiaceae Herter
Corallocarpus,Cucurbitaceae Juss.
Corallorhiza,Orchidaceae Juss.
Corallorrhiza,Orchidaceae Juss.
Corchoropsis,Tiliaceae Juss.
Corchorus,Tiliaceae Juss.
Corculum,Polygonaceae Juss.
Cordia,Boraginaceae Juss.
Cordyla,Fabaceae Lindl.
Cordylanthus,Scrophulariaceae Juss.
Cordyline,Agavaceae Dumort.
Corema,Empetraceae Hook. & Lindl.
Coreocarpus,Asteraceae Bercht. & J. Presl
Coreopsis,Asteraceae
Corethrogyne,Asteraceae Bercht. & J. Presl
Coriandrum,Apiaceae Lindl.
Coridochloa,Poaceae Barnhart
Coriflora,Ranunculaceae Juss.
Coriscium,Tricholomataceae R. Heim ex Pouzar
Corispermum,Chenopodiaceae Vent.
Cornella,Cornaceae Bercht. & J. Presl
Cornicularia,Parmeliaceae F. Berchtold & J. Presl
Cornucopiae,Poaceae Barnhart
Cornus,Cornaceae
Cornutia,Verbenaceae J. St.-Hil.
Cornutispora,Uncertain Ascomycota Family
Coronaria,Caryophyllaceae Juss.
Coronilla,Fabaceae Lindl.
Coronopus,Brassicaceae Burnett
Corozo,Arecaceae Bercht. & J. Presl
Correa,Rutaceae Juss.
Corrigiola,Caryophyllaceae Juss.
Corsinia,Corsiniaceae Engl.
Cortaderia,Poaceae Barnhart
Corticifraga,Uncertain Ascomycota Family
Corydalis,Fumariaceae Marquis
Corylopsis,Hamamelidaceae R. Br.
Corylus,Betulaceae Gray
Corymbia,Myrtaceae Juss.
Corymborkis,Orchidaceae Juss.
Corynella,Fabaceae Lindl.
Corynephorus,Poaceae Barnhart
Corynocarpus,Corynocarpaceae Engl.
Corypha,Arecaceae Bercht. & J. Presl
Coryphantha,Cactaceae Juss.
Coscinodon,Grimmiaceae Arn.
Cosmos,Asteraceae Bercht. & J. Presl
Costus,Costaceae Nakai
Cota,Asteraceae Bercht. & J. Presl
Cotinus,Anacardiaceae R. Br.
Cotoneaster,Rosaceae Juss.
Cottea,Poaceae Barnhart
Cotula,Asteraceae Bercht. & J. Presl
Cotyledon,Crassulaceae J. St.-Hil.
Coumarouna,Fabaceae Lindl.
Couroupita,Lecythidaceae A. Rich.
Coursetia,Fabaceae Lindl.
Covillea,Zygophyllaceae R. Br.
Cowania,Rosaceae Juss.
Cracca,Fabaceae Lindl.
Crambe,Brassicaceae Burnett
Cranichis,Orchidaceae Juss.
Craniolaria,Pedaliaceae R. Br.
Crantzia,Gesneriaceae Rich. & Juss.
Craspedophyllum,Orthotrichaceae Arn.
Crassina,Asteraceae Bercht. & J. Presl
Crassocephalum,Asteraceae Bercht. & J. Presl
Crassula,Crassulaceae J. St.-Hil.
Crataegus,Rosaceae Juss.
Craterostigma,Scrophulariaceae Juss.
Crateva,Capparaceae Juss.
Cratoneuron,Amblystegiaceae Kindb.
Crepidium,Orchidaceae Juss.
Crepidomanes,Hymenophyllaceae Mart.
Crepis,Asteraceae Bercht. & J. Presl
Crescentia,Bignoniaceae Juss.
Cresponea,Opegraphaceae Stizenb.
Cressa,Convolvulaceae Juss.
Crinum,Liliaceae Juss.
Criosanthes,Orchidaceae Juss.
Cristatella,Capparaceae Juss.
Critesion,Poaceae Barnhart
Critonia,Asteraceae Bercht. & J. Presl
Crocanthemum,Cistaceae Juss.
Crocidium,Asteraceae Bercht. & J. Presl
Crockeria,Asteraceae Bercht. & J. Presl
Crocosmia,Iridaceae Juss.
Crocus,Iridaceae Juss.
Crocynia,Stereocaulaceae Chevall.
Croftia,Acanthaceae Juss.
Crookea,Clusiaceae Lindl.
Croomia,Stemonaceae Caruel
Croptilon,Asteraceae Bercht. & J. Presl
Crossandra,Acanthaceae Juss.
Crossidium,Pottiaceae Hampe
Crossopetalum,Celastraceae R. Br.
Crossosoma,Crossosomataceae Engl.
Crotalaria,Fabaceae Lindl.
Croton,Euphorbiaceae Juss.
Crotonopsis,Euphorbiaceae Juss.
Crucianella,Rubiaceae Juss.
Cruciata,Rubiaceae Juss.
Crudia,Fabaceae Lindl.
Crumia,Pottiaceae Hampe
Crunocallis,Portulacaceae Dumort.
Crupina,Asteraceae Bercht. & J. Presl
Crusea,Rubiaceae Juss.
Cruzeta,Amaranthaceae Martinov
Cryphaea,Cryphaeaceae Schimp.
Crypsis,Poaceae Barnhart
Cryptantha,Boraginaceae Juss.
Cryptocarya,Lauraceae Juss.
Cryptocolea,Jungermanniaceae Rchb.
Cryptocoryne,Araceae Juss.
Cryptogramma,Pteridaceae E.D.M. Kirchn.
Cryptolechia,Gyalectaceae Stizenb.
Cryptomeria,Cupressaceae Gray
Cryptomitrium,Aytoniaceae Cavers
Cryptostegia,Asclepiadaceae Borkh.
Cryptotaenia,Apiaceae Lindl.
Cryptothallus,Aneuraceae H. Klinggr.
Cryptothecia,Arthoniaceae Rchb.
Cryptothele,Lichinaceae Nyl.
Ctenidium,Hypnaceae Schimp.
Ctenitis,Dryopteridaceae Herter
Ctenium,Poaceae Barnhart
Ctenolepis,Cucurbitaceae Juss.
Ctenopterella,Grammitidaceae Newman
Ctenopteris,Grammitidaceae Newman
Cubelium,Violaceae Batsch
Cucubalus,Caryophyllaceae Juss.
Cucubertia,Cucurbitaceae Juss.
Cucumeropsis,Cucurbitaceae Juss.
Cucumis,Cucurbitaceae Juss.
Cucurbita,Cucurbitaceae Juss.
Cudrania,Moraceae Gaudich.
Cullen,Fabaceae Lindl.
Cuminum,Apiaceae Lindl.
Cunila,Lamiaceae Martinov
Cunninghamia,Cupressaceae Gray
Cupania,Sapindaceae Juss.
Cupaniopsis,Sapindaceae Juss.
Cuphea,Lythraceae J. St.-Hil.
Cupressus,Cupressaceae Gray
Cupularia,Asteraceae Bercht. & J. Presl
Curcas,Euphorbiaceae Juss.
Curculigo,Liliaceae Juss.
Curcuma,Zingiberaceae Martinov
Curima,Arecaceae Bercht. & J. Presl
Cuscuta,Cuscutaceae Dumort.
Cusickiella,Brassicaceae Burnett
Cusparia,Rutaceae Juss.
Cutandia,Poaceae Barnhart
Cuthbertia,Commelinaceae Mirb.
Cyamopsis,Fabaceae Lindl.
Cyanea,Campanulaceae Juss.
Cyanococcus,Ericaceae Juss.
Cyanopsis,Asteraceae Bercht. & J. Presl
Cyanthillium,Asteraceae Bercht. & J. Presl
Cyathea,Cyatheaceae Kaulf.
Cyathula,Amaranthaceae Martinov
Cybebe,Coniocybaceae Rchb.
Cybianthus,Myrsinaceae R. Br.
Cybistax,Bignoniaceae Juss.
Cycas,Cycadaceae Pers.
Cyclachaena,Asteraceae Bercht. & J. Presl
Cycladenia,Apocynaceae Juss.
Cyclamen,Primulaceae Batsch
Cyclanthera,Cucurbitaceae Juss.
Cyclobothra,Liliaceae Juss.
Cyclodictyon,Callicostaceae H.A. Crum
Cyclodon,Asclepiadaceae Borkh.
Cycloloma,Chenopodiaceae Vent.
Cyclopeltis,Dryopteridaceae Herter
Cyclopogon,Orchidaceae Juss.
Cyclosorus,Thelypteridaceae Ching ex Pic. Serm.
Cyclospermum,Apiaceae Lindl.
Cycnium,Scrophulariaceae Juss.
Cydista,Bignoniaceae Juss.
Cydonia,Rosaceae Juss.
Cylactis,Rosaceae Juss.
Cylindrocolea,Cephaloziellaceae Douin
Cylindropuntia,Cactaceae Juss.
Cylindropyrum,Poaceae Barnhart
Cymbalaria,Scrophulariaceae Juss.
Cymbia,Asteraceae Bercht. & J. Presl
Cymbocarpa,Burmanniaceae Blume
Cymbopogon,Poaceae Barnhart
Cymbosetaria,Poaceae Barnhart
Cymburus,Verbenaceae J. St.-Hil.
Cymodocea,Cymodoceaceae Vines
Cymophora,Asteraceae Bercht. & J. Presl
Cymophyllus,Cyperaceae Juss.
Cymopterus,Apiaceae Lindl.
Cynanchum,Asclepiadaceae Borkh.
Cynara,Asteraceae Bercht. & J. Presl
Cynoctonum,Loganiaceae R. Br. ex Mart.
Cynodendron,Sapotaceae Juss.
Cynodon,Poaceae Barnhart
Cynodontium,Dicranaceae Schimp.
Cynoglossum,Boraginaceae Juss.
Cynomarathrum,Apiaceae Lindl.
Cynometra,Fabaceae Lindl.
Cynophalla,Capparaceae Juss.
Cynosciadium,Apiaceae Lindl.
Cynosurus,Poaceae Barnhart
Cynoxylon,Cornaceae Bercht. & J. Presl
Cynthia,Asteraceae Bercht. & J. Presl
Cypella,Iridaceae Juss.
Cyperus,Cyperaceae Juss.
Cypheliopsis,Caliciaceae Chevall.
Cyphelium,Caliciaceae Chevall.
Cypholophus,Urticaceae Juss.
Cyphomandra,Solanaceae Juss.
Cyphomeris,Nyctaginaceae Juss.
Cypripedium,Orchidaceae Juss.
Cypselea,Aizoaceae Martinov
Cyrilla,Cyrillaceae Lindl.
Cyrtandra,Gesneriaceae Rich. & Juss.
Cyrto-hypnum,Thuidiaceae Schimp.
Cyrtococcum,Poaceae Barnhart
Cyrtomium,Dryopteridaceae Herter
Cyrtomnium,Mniaceae Schwägr.
Cyrtopodium,Orchidaceae Juss.
Cyrtorhyncha,Ranunculaceae Juss.
Cyrtospadix,Araceae Juss.
Cyrtosperma,Araceae Juss.
Cystobasidium,Platygloeaceae Racib.
Cystocoleus,Uncertain Ascomycota Family
Cystopteris,Dryopteridaceae Herter
Cystorchis,Orchidaceae Juss.
Cytherea,Orchidaceae Juss.
Cytisophyllum,Fabaceae Lindl.
Cytisus,Fabaceae Lindl.
Dacampia,Dacampiaceae Körb.
Dacrycarpus,Podocarpaceae Endl.
Dacrydium,Podocarpaceae Endl.
Dacryodes,Burseraceae Kunth
Dactylina,Parmeliaceae F. Berchtold & J. Presl
Dactylis,Poaceae Barnhart
Dactyloctenium,Poaceae Barnhart
Dactylorhiza,Orchidaceae Juss.
Dactylospora,Dactylosporaceae Bellem. & Hafellner
Dahlia,Asteraceae Bercht. & J. Presl
Dalbergia,Fabaceae Lindl.
Dalea,Fabaceae Lindl.
Dalechampia,Euphorbiaceae Juss.
Dalibarda,Rosaceae Juss.
Daltonia,Daltoniaceae Schimp.
Damasonium,Alismataceae Vent.
Damnacanthus,Rubiaceae Juss.
Danaea,Marattiaceae Kaulf.
Daniellia,Fabaceae Lindl.
Danthonia,Poaceae Barnhart
Danthoniopsis,Poaceae Barnhart
Daphne,Thymelaeaceae Juss.
Daphnopsis,Thymelaeaceae Juss.
Darlingtonia,Styracaceae DC. & Spreng.
Darmera,Saxifragaceae Juss.
Darwinia,Fabaceae Lindl.
Dasiphora,Rosaceae Juss.
Dasistoma,Scrophulariaceae Juss.
Dasylirion,Liliaceae Juss.
Dasynotus,Boraginaceae Juss.
Dasyochloa,Poaceae Barnhart
Dasypyrum,Poaceae Barnhart
Dasystephana,Gentianaceae Juss.
Datisca,Anacardiaceae R. Br.
Datura,Solanaceae Juss.
Daubentonia,Fabaceae Lindl.
Daucosma,Apiaceae Lindl.
Daucus,Apiaceae Lindl.
Davallia,Davalliaceae
Davyella,Poaceae Barnhart
Decachaena,Ericaceae Juss.
Decaneuropsis,Asteraceae Bercht. & J. Presl
Decaspermum,Myrtaceae Juss.
Decemium,Hydrophyllaceae R. Br.
Decodon,Lythraceae J. St.-Hil.
Decumaria,Hydrangeaceae Dumort.
Dedeckera,Polygonaceae Juss.
Deeringia,Amaranthaceae Martinov
Deeringothamnus,Annonaceae Juss.
Degelia,Pannariaceae Tuck.
Deinandra,Asteraceae Bercht. & J. Presl
Deiregyne,Orchidaceae Juss.
Delairea,Asteraceae Bercht. & J. Presl
Delissea,Campanulaceae Juss.
Delonix,Fabaceae Lindl.
Delopyrum,Polygonaceae Juss.
Delosperma,Aizoaceae Martinov
Delphinium,Ranunculaceae Juss.
Dendranthema,Asteraceae Bercht. & J. Presl
Dendriscocaulon,Lobariaceae Chevall.
Dendrium,Ericaceae Juss.
Dendroalsia,Leucodontaceae Schimp.
Dendrobazzania,Lepidoziaceae Limpr.
Dendrobium,Orchidaceae Juss.
Dendrocalamus,Poaceae Barnhart
Dendrocnide,Urticaceae Juss.
Dendrodochium,Uncertain Ascomycota Family
Dendrographa,Roccellaceae Chevall.
Dendrolobium,Fabaceae Lindl.
Dendrolycopodium,Lycopodiaceae P. Beauv. ex Mirb.
Dendromecon,Papaveraceae Juss.
Dendropanax,Araliaceae Juss.
Dendropemon,Loranthaceae Juss.
Dendrophthora,Loranthaceae Juss.
Dendrophylax,Orchidaceae Juss.
Dendropogon,Bromeliaceae Juss.
Dennstaedtia,Dennstaedtiaceae Lotsy
Dentaria,Brassicaceae Burnett
Dentella,Rubiaceae Juss.
Dentoceras,Polygonaceae Juss.
Deparia,Dryopteridaceae Herter
Deringa,Apiaceae Lindl.
Dermatina,Mycoporaceae Zahlbr.
Dermatiscum,Physciaceae Zahlbr.
Dermatocarpon,Verrucariaceae Eschw.
Dermiscellum,Physciaceae Zahlbr.
Derris,Fabaceae Lindl.
Deschampsia,Poaceae Barnhart
Descurainia,Brassicaceae Burnett
Desfontainia,Loganiaceae R. Br. ex Mart.
Desmanthus,Fabaceae Lindl.
Desmatodon,Pottiaceae Hampe
Desmazeria,Poaceae Barnhart
Desmazieria,Ramalinaceae C. Agardh
Desmodium,Fabaceae Lindl.
Desmostachya,Poaceae Barnhart
Desmothamnus,Ericaceae Juss.
Deutzia,Hydrangeaceae Dumort.
Deyeuxia,Poaceae Barnhart
Dialium,Fabaceae Lindl.
Diamorpha,Crassulaceae J. St.-Hil.
Dianella,Liliaceae Juss.
Dianthera,Acanthaceae Juss.
Dianthus,Caryophyllaceae Juss.
Diapedium,Acanthaceae Juss.
Diapensia,Diapensiaceae Lindl.
Diaperia,Asteraceae Bercht. & J. Presl
Diaphoranthema,Bromeliaceae Juss.
Diarina,Poaceae Barnhart
Diarrhena,Poaceae Barnhart
Dibaeis,Baeomycetaceae Dumort.
Dicentra,Fumariaceae Marquis
Dicerandra,Lamiaceae Martinov
Dichaea,Orchidaceae Juss.
Dichaetophora,Asteraceae Bercht. & J. Presl
Dichanthelium,Poaceae Barnhart
Dichanthium,Poaceae Barnhart
Dichelachne,Poaceae Barnhart
Dichelostemma,Liliaceae Juss.
Dichelyma,Fontinalaceae Schimp.
Dichodon,Caryophyllaceae Juss.
Dichodontium,Dicranaceae Schimp.
Dichondra,Convolvulaceae Juss.
Dichromanthus,Orchidaceae Juss.
Dichromena,Cyperaceae Juss.
Dichrophyllum,Euphorbiaceae Juss.
Dichrostachys,Fabaceae Lindl.
Dichylium,Euphorbiaceae Juss.
Dicksonia,Dicksoniaceae M.R. Schomb.
Dicliptera,Acanthaceae Juss.
Dicoria,Asteraceae Bercht. & J. Presl
Dicranella,Dicranaceae Schimp.
Dicranocarpus,Asteraceae Bercht. & J. Presl
Dicranodontium,Dicranaceae Schimp.
Dicranopteris,Gleicheniaceae C. Presl
Dicranoweisia,Dicranaceae Schimp.
Dicranum,Dicranaceae Schimp.
Dicraurus,Amaranthaceae Martinov
Dictamnus,Rutaceae Juss.
Dictyonema,Corticiaceae Herter
Didiplis,Lythraceae J. St.-Hil.
Didymodon,Dicranaceae Schimp.
Didymoglossum,Hymenophyllaceae Mart.
Didymopanax,Araliaceae Juss.
Didymoplexis,Orchidaceae Juss.
Diectomis,Poaceae Barnhart
Dieffenbachia,Araceae Juss.
Diellia,Aspleniaceae Newman
Dienia,Orchidaceae Juss.
Diervilla,Caprifoliaceae Juss.
Dieteria,Asteraceae Bercht. & J. Presl
Dietes,Iridaceae Juss.
Digera,Amaranthaceae Martinov
Digitalis,Scrophulariaceae Juss.
Digitaria,Poaceae Barnhart
Diholcos,Fabaceae Lindl.
Dillenia,Dilleniaceae Salisb.
Dillwynia,Fabaceae Lindl.
Dilomilis,Orchidaceae Juss.
Dimelaena,Physciaceae Zahlbr.
Dimerella,Gyalectaceae Stizenb.
Dimeresia,Asteraceae Bercht. & J. Presl
Dimeria,Poaceae Barnhart
Dimocarpus,Sapindaceae Juss.
Dimorphanthus,Araliaceae Juss.
Dimorphocarpa,Brassicaceae Burnett
Dimorphotheca,Asteraceae Bercht. & J. Presl
Dimorpostachys,Poaceae Barnhart
Dinebra,Poaceae Barnhart
Dioclea,Fabaceae Lindl.
Diodella,Rubiaceae Juss.
Diodia,Rubiaceae Juss.
Dionaea,Droseraceae Salisb.
Dioscorea,Dioscoreaceae R. Br.
Dioscoreophyllum,Menispermaceae Juss.
Diospyros,Ebenaceae Gürke
Diphasiastrum,Lycopodiaceae P. Beauv. ex Mirb.
Diphasium,Lycopodiaceae P. Beauv. ex Mirb.
Dipholis,Sapotaceae Juss.
Diphylleia,Berberidaceae Juss.
Diphysa,Fabaceae Lindl.
Diphyscium,Buxbaumiaceae Schwägr.
Diplachne,Poaceae Barnhart
Diplacrum,Cyperaceae Juss.
Diplactis,Asteraceae Bercht. & J. Presl
Diplacus,Scrophulariaceae Juss.
Diplanthera,Cymodoceaceae Vines
Diplasiolejeunea,Lejeuneaceae Rostovzev
Diplazium,Dryopteridaceae Herter
Diplocaulobium,Orchidaceae Juss.
Diplochita,Melastomataceae Juss.
Diploicia,Physciaceae Zahlbr.
Diplopappus,Asteraceae Bercht. & J. Presl
Diplophyllum,Scapaniaceae Mig.
Diplopterygium,Gleicheniaceae C. Presl
Diploschistes,Thelotremataceae Stizenb.
Diplostelma,Asteraceae Bercht. & J. Presl
Diplotaxis,Brassicaceae Burnett
Diplotomma,Physciaceae Zahlbr.
Dipodium,Orchidaceae Juss.
Dipogon,Fabaceae Lindl.
Dipsacus,Dipsacaceae Juss.
Dipteracanthus,Acanthaceae Juss.
Dipteryx,Fabaceae Lindl.
Dirca,Thymelaeaceae Juss.
Dirina,Opegraphaceae Stizenb.
Dirinaria,Physciaceae Zahlbr.
Disaccanthus,Brassicaceae Burnett
Discelium,Disceliaceae Schimp.
Dischidia,Asclepiadaceae Borkh.
Discocalyx,Myrsinaceae R. Br.
Discopleura,Apiaceae Lindl.
Disperis,Orchidaceae Juss.
Disphyma,Aizoaceae Martinov
Disporum,Liliaceae Juss.
Dissanthelium,Poaceae Barnhart
Dissochondrus,Poaceae Barnhart
Dissotis,Melastomataceae Juss.
Distasis,Asteraceae Bercht. & J. Presl
Distegia,Caprifoliaceae Juss.
Distichium,Ditrichaceae Limpr.
Distichlis,Poaceae Barnhart
Distictis,Bignoniaceae Juss.
Distopyrenis,Pyrenulaceae Rabenh.
Ditaxis,Euphorbiaceae Juss.
Dithyrea,Brassicaceae Burnett
Ditremexa,Fabaceae Lindl.
Ditremis,Monoblastiaceae Walt. Watson
Ditrichum,Ditrichaceae Limpr.
Ditrysinia,Euphorbiaceae Juss.
Ditta,Euphorbiaceae Juss.
Dittrichia,Asteraceae Bercht. & J. Presl
Dodecahema,Polygonaceae Juss.
Dodecatheon,Primulaceae Batsch
Dodonaea,Sapindaceae Juss.
Doellingeria,Asteraceae Bercht. & J. Presl
Dolichandrone,Bignoniaceae Juss.
Dolicholus,Fabaceae Lindl.
Dolichos,Fabaceae Lindl.
Dolichothele,Cactaceae Juss.
Doliocarpus,Dilleniaceae Salisb.
Dombeya,Sterculiaceae Vent.
Domingoa,Orchidaceae Juss.
Donax,Marantaceae R. Br.
Dondia,Chenopodiaceae Vent.
Donnellia,Sematophyllaceae Broth.
Donrichardsia,Amblystegiaceae Kindb.
Doodia,Blechnaceae Newman
Dopatrium,Scrophulariaceae Juss.
Dorema,Apiaceae Lindl.
Doronicum,Asteraceae Bercht. & J. Presl
Dorstenia,Moraceae Gaudich.
Dorycnium,Fabaceae Lindl.
Doryopteris,Pteridaceae E.D.M. Kirchn.
Douglasia,Primulaceae Batsch
Douinia,Scapaniaceae Mig.
Dovyalis,Flacourtiaceae Rich. ex DC.
Downingia,Campanulaceae Juss.
Doxantha,Bignoniaceae Juss.
Doyerea,Cucurbitaceae Juss.
Draba,Brassicaceae Burnett
Dracaena,Agavaceae Dumort.
Dracocephalum,Lamiaceae Martinov
Dracontium,Araceae Juss.
Dracontomelon,Anacardiaceae R. Br.
Dracopis,Asteraceae Bercht. & J. Presl
Dracunculus,Araceae Juss.
Draperia,Hydrophyllaceae R. Br.
Drejera,Acanthaceae Juss.
Drejerella,Acanthaceae Juss.
Drepanocarpus,Fabaceae Lindl.
Drepanocladus,Amblystegiaceae Kindb.
Drepanolejeunea,Lejeuneaceae Rostovzev
Drimys,Winteraceae R. Br. ex Lindl.
Drosanthemum,Aizoaceae Martinov
Drosera,Droseraceae Salisb.
Drummondia,Orthotrichaceae Arn.
Dryas,Rosaceae Juss.
Drymaria,Caryophyllaceae Juss.
Drymocallis,Rosaceae Juss.
Drynaria,Polypodiaceae J. Presl & C. Presl
Dryobalanops,Dipterocarpaceae Blume
Dryopetalon,Brassicaceae Burnett
Dryopteris,Dryopteridaceae Herter
Drypetes,Euphorbiaceae Juss.
Dryptodon,Grimmiaceae Arn.
Duabanga,Sonneratiaceae Engl.
Dubautia,Asteraceae Bercht. & J. Presl
Duboisia,Solanaceae Juss.
Dubreulia,Urticaceae Juss.
Duchartrea,Gesneriaceae Rich. & Juss.
Duchesnea,Rosaceae Juss.
Dudleya,Crassulaceae J. St.-Hil.
Dufourea,Parmeliaceae F. Berchtold & J. Presl
Dugaldia,Asteraceae Bercht. & J. Presl
Duggena,Rubiaceae Juss.
Dulichium,Cyperaceae Juss.
Dumortiera,Marchantiaceae Lindl.
Dunalia,Solanaceae Juss.
Dupontia,Poaceae Barnhart
Duranta,Verbenaceae J. St.-Hil.
Duravia,Polygonaceae Juss.
Durio,Bombacaceae Kunth
Duschekia,Betulaceae Gray
Dyckia,Bromeliaceae Juss.
Dyera,Apocynaceae Juss.
Dypsis,Arecaceae Bercht. & J. Presl
Dyschoriste,Acanthaceae Juss.
Dysodiopsis,Asteraceae Bercht. & J. Presl
Dysodium,Asteraceae Bercht. & J. Presl
Dysoxylum,Meliaceae Juss.
Dysphania,Chenopodiaceae Vent.
Dyssodia,Asteraceae Bercht. & J. Presl
Eastwoodia,Asteraceae Bercht. & J. Presl
Eatonella,Asteraceae Bercht. & J. Presl
Ebenopsis,Fabaceae Lindl.
Ebenus,Fabaceae Lindl.
Eburophyton,Orchidaceae Juss.
Ecastaphyllum,Fabaceae Lindl.
Ecballium,Cucurbitaceae Juss.
Eccremidium,Ditrichaceae Limpr.
Eccremocactus,Cactaceae Juss.
Echeandia,Liliaceae Juss.
Echeveria,Crassulaceae J. St.-Hil.
Echidiocarya,Boraginaceae Juss.
Echinacea,Asteraceae Bercht. & J. Presl
Echinocactus,Cactaceae Juss.
Echinocereus,Cactaceae Juss.
Echinochloa,Poaceae Barnhart
Echinocystis,Cucurbitaceae Juss.
Echinodorus,Alismataceae Vent.
Echinomastus,Cactaceae Juss.
Echinopanax,Araliaceae Juss.
Echinopepon,Cucurbitaceae Juss.
Echinoplaca,Gomphillaceae Walt. Watson
Echinopogon,Poaceae Barnhart
Echinops,Asteraceae Bercht. & J. Presl
Echinopsilon,Chenopodiaceae Vent.
Echinopsis,Cactaceae Juss.
Echinothecium,Capnodiaceae Höhn. ex Theiss.
Echites,Apocynaceae Juss.
Echium,Boraginaceae Juss.
Eclipta,Asteraceae Bercht. & J. Presl
Ectosperma,Poaceae Barnhart
Ectropothecium,Hypnaceae Schimp.
Ectrosia,Poaceae Barnhart
Eddya,Boraginaceae Juss.
Edgeworthia,Thymelaeaceae Juss.
Edisonia,Asclepiadaceae Borkh.
Edithcolea,Asclepiadaceae Borkh.
Edrudia,Lecanoraceae Körb.
Edwinia,Hydrangeaceae Dumort.
Egeria,Hydrocharitaceae Juss.
Eggersia,Nyctaginaceae Juss.
Egletes,Asteraceae Bercht. & J. Presl
Ehrendorferia,Fumariaceae Marquis
Ehretia,Boraginaceae Juss.
Ehrharta,Poaceae Barnhart
Eichhornia,Pontederiaceae Kunth
Eiglera,Eigleraceae Hafellner
Elaeagnus,Elaeagnaceae Juss.
Elaeis,Arecaceae Bercht. & J. Presl
Elaeocarpus,Elaeocarpaceae Juss.
Elaeodendron,Celastraceae R. Br.
Elaphoglossum,Dryopteridaceae Herter
Elaphrium,Burseraceae Kunth
Elaterium,Cucurbitaceae Juss.
Elatine,Elatinaceae Dumort.
Elatostema,Urticaceae Juss.
Eleocharis,Cyperaceae Juss.
Elephantella,Scrophulariaceae Juss.
Elephantopus,Asteraceae Bercht. & J. Presl
Elettaria,Zingiberaceae Martinov
Eleusine,Poaceae Barnhart
Eleutheranthera,Asteraceae Bercht. & J. Presl
Eleutherine,Iridaceae Juss.
Eleutherococcus,Araliaceae Juss.
Elionurus,Poaceae Barnhart
Elleanthus,Orchidaceae Juss.
Elliottia,Ericaceae Juss.
Ellisia,Hydrophyllaceae R. Br.
Elmera,Saxifragaceae Juss.
Elodea,Hydrocharitaceae Juss.
Elsholtzia,Lamiaceae Martinov
Elsota,Polygalaceae Hoffmanns. & Link
Eltroplectris,Orchidaceae Juss.
Elymus,Poaceae
Elyna,Cyperaceae Juss.
Elytraria,Acanthaceae Juss.
Elytrigia,Poaceae Barnhart
Embelia,Myrsinaceae R. Br.
Emblica,Euphorbiaceae Juss.
Embothrium,Proteaceae Juss.
Emelista,Fabaceae Lindl.
Emex,Polygonaceae Juss.
Emilia,Asteraceae Bercht. & J. Presl
Emmenanthe,Hydrophyllaceae R. Br.
Emorya,Buddlejaceae K. Wilh.
Empetrum,Empetraceae Hook. & Lindl.
Enallagma,Bignoniaceae Juss.
Encalypta,Encalyptaceae Schimp.
Encelia,Asteraceae Bercht. & J. Presl
Enceliopsis,Asteraceae Bercht. & J. Presl
Encephalartos,Zamiaceae Horan.
Enchylaena,Chenopodiaceae Vent.
Encyclia,Orchidaceae Juss.
Endiandra,Lauraceae Juss.
Endocarpon,Verrucariaceae Eschw.
Endococcus,Uncertain Ascomycota Family
Endodeca,Aristolochiaceae Juss.
Endolepis,Chenopodiaceae Vent.
Endopyrenium,Verrucariaceae Eschw.
Endorima,Asteraceae Bercht. & J. Presl
Endymion,Liliaceae Juss.
Enemion,Ranunculaceae Juss.
Engelmannia,Asteraceae Bercht. & J. Presl
Enhalus,Hydrocharitaceae Juss.
Enicostema,Gentianaceae Juss.
Enkianthus,Ericaceae Juss.
Enneapogon,Poaceae Barnhart
Ensete,Musaceae Juss.
Entada,Fabaceae Lindl.
Entadopsis,Fabaceae Lindl.
Entandrophragma,Meliaceae Juss.
Entelea,Tiliaceae Juss.
Enterographa,Opegraphaceae Stizenb.
Enterolobium,Fabaceae Lindl.
Enteropogon,Poaceae Barnhart
Enterosora,Grammitidaceae Newman
Entodon,Entodontaceae Kindb.
Entodontopsis,Stereophyllaceae W.R. Buck & Ireland
Entolasia,Poaceae Barnhart
Entosthodon,Funariaceae Schwägr.
Enydra,Asteraceae Bercht. & J. Presl
Enydria,Haloragaceae R. Br.
Eocalypogeia,Calypogeiaceae Arnell
Eopyrenula,Pleomassariaceae M.E. Barr
Epallageiton,Apiaceae Lindl.
Epaltes,Asteraceae Bercht. & J. Presl
Ephebe,Lichinaceae Nyl.
Ephebeia,Lichinaceae Nyl.
Ephedra,Ephedraceae
Ephemerum,Ephemeraceae J.W. Griff. & Henfr.
Epibaterium,Menispermaceae Juss.
Epicampes,Poaceae Barnhart
Epicion,Asclepiadaceae Borkh.
Epicladium,Orchidaceae Juss.
Epicladonia,Uncertain Ascomycota Family
Epidendropsis,Orchidaceae Juss.
Epidendrum,Orchidaceae Juss.
Epifagus,Orobanchaceae Vent.
Epigaea,Ericaceae Juss.
Epilichen,Rhizocarpaceae M. Choisy ex Hafellner
Epilobium,Onagraceae Juss.
Epimedium,Berberidaceae Juss.
Epipactis,Orchidaceae Juss.
Epiphyllum,Cactaceae Juss.
Epipremnum,Araceae Juss.
Epipterygium,Bryaceae Rchb.
Episcia,Gesneriaceae Rich. & Juss.
Epithelantha,Cactaceae Juss.
Epixiphium,Scrophulariaceae Juss.
Equisetum,Equisetaceae Michx. ex DC.
Eragrostis,Poaceae Barnhart
Eranthemum,Acanthaceae Juss.
Eranthis,Ranunculaceae Juss.
Erechtites,Asteraceae Bercht. & J. Presl
Eremalche,Malvaceae Juss.
Eremocarpus,Euphorbiaceae Juss.
Eremocarya,Boraginaceae Juss.
Eremochloa,Poaceae Barnhart
Eremocitrus,Rutaceae Juss.
Eremocrinum,Liliaceae Juss.
Eremogone,Caryophyllaceae Juss.
Eremolepis,Eremolepidaceae Tiegh. & Kuijt
Eremonotus,Gymnomitriaceae H. Klinggr.
Eremophila,Myoporaceae R. Br.
Eremopyrum,Poaceae Barnhart
Eremospatha,Arecaceae Bercht. & J. Presl
Eria,Orchidaceae Juss.
Eriachne,Poaceae Barnhart
Erianthus,Poaceae Barnhart
Eriastrum,Polemoniaceae Juss.
Erica,Ericaceae Juss.
Ericameria,Asteraceae Bercht. & J. Presl
Erigenia,Apiaceae Lindl.
Erigeron,Asteraceae Bercht. & J. Presl
Erinus,Scrophulariaceae Juss.
Eriobotrya,Rosaceae Juss.
Eriocarpum,Asteraceae Bercht. & J. Presl
Eriocaulon,Eriocaulaceae Martinov
Eriocereus,Cactaceae Juss.
Eriochloa,Poaceae Barnhart
Eriochrysis,Poaceae Barnhart
Eriocoma,Poaceae Barnhart
Eriodendron,Bombacaceae Kunth
Erioderma,Pannariaceae Tuck.
Eriodictyon,Hydrophyllaceae R. Br.
Eriogonella,Polygonaceae Juss.
Eriogonum,Polygonaceae
Eriogynia,Rosaceae Juss.
Erioneuron,Poaceae Barnhart
Eriophorum,Cyperaceae Juss.
Eriophyllum,Asteraceae Bercht. & J. Presl
Eriosema,Fabaceae Lindl.
Eriosorus,Pteridaceae E.D.M. Kirchn.
Erithalis,Rubiaceae Juss.
Eritrichium,Boraginaceae Juss.
Ermania,Brassicaceae Burnett
Ernodea,Rubiaceae Juss.
Erocallis,Portulacaceae Dumort.
Erodium,Geraniaceae Juss.
Erophila,Brassicaceae Burnett
Eroteum,Theaceae Mirb.
Erpodium,Erpodiaceae Broth.
Errazurizia,Fabaceae Lindl.
Eruca,Brassicaceae Burnett
Erucastrum,Brassicaceae Burnett
Ervatamia,Apocynaceae Juss.
Ervum,Fabaceae Lindl.
Erxlebenia,Pyrolaceae Lindl.
Eryngium,Apiaceae Lindl.
Erysimum,Brassicaceae Burnett
Erythraea,Gentianaceae Juss.
Erythranthe,Scrophulariaceae Juss.
Erythremia,Asteraceae Bercht. & J. Presl
Erythrina,Fabaceae Lindl.
Erythrobarbula,Pottiaceae Hampe
Erythrochlamys,Lamiaceae Martinov
Erythrocoma,Rosaceae Juss.
Erythrodes,Orchidaceae Juss.
Erythronium,Liliaceae Juss.
Erythrophleum,Fabaceae Lindl.
Erythroxylum,Erythroxylaceae Kunth
Escallonia,Grossulariaceae DC.
Eschenbachia,Asteraceae Bercht. & J. Presl
Eschscholzia,Papaveraceae Juss.
Escobaria,Cactaceae Juss.
Esenbeckia,Rutaceae Juss.
Espeletia,Asteraceae Bercht. & J. Presl
Esslingeriana,Parmeliaceae F. Berchtold & J. Presl
Ethulia,Asteraceae Bercht. & J. Presl
Etlingera,Zingiberaceae Martinov
Eubotrys,Ericaceae Juss.
Eubrachion,Eremolepidaceae Tiegh. & Kuijt
Eucalyptus,Myrtaceae Juss.
Eucephalus,Asteraceae Bercht. & J. Presl
Eucharis,Liliaceae Juss.
Euchiton,Asteraceae Bercht. & J. Presl
Euchlaena,Poaceae Barnhart
Eucladium,Pottiaceae Hampe
Euclasta,Poaceae Barnhart
Euclidium,Brassicaceae Burnett
Eucnide,Loasaceae Juss.
Eucryphia,Cunoniaceae R. Br.
Eucrypta,Hydrophyllaceae R. Br.
Eugeissona,Arecaceae Bercht. & J. Presl
Eugenia,Myrtaceae Juss.
Eulalia,Poaceae Barnhart
Eulaliopsis,Poaceae Barnhart
Eulobus,Onagraceae Juss.
Eulophia,Orchidaceae Juss.
Eulophidium,Orchidaceae Juss.
Eulophus,Apiaceae Lindl.
Eunanus,Scrophulariaceae Juss.
Euodia,Rutaceae Juss.
Euonymus,Celastraceae R. Br.
Euopsis,Lichinaceae Nyl.
Eupatoriadelphus,Asteraceae Bercht. & J. Presl
Eupatorium,Asteraceae Bercht. & J. Presl
Euphorbia,Euphorbiaceae Juss.
Euphoria,Sapindaceae Juss.
Euphrasia,Scrophulariaceae Juss.
Euphrosyne,Asteraceae Bercht. & J. Presl
Euploca,Boraginaceae Juss.
Eupodium,Marattiaceae Kaulf.
Eurhynchium,Amblystegiaceae Kindb.
Eurotia,Chenopodiaceae Vent.
Eurya,Theaceae Mirb.
Euryale,Nymphaeaceae Salisb.
Eurybia,Asteraceae Bercht. & J. Presl
Eurycles,Liliaceae Juss.
Euryops,Asteraceae Bercht. & J. Presl
Eurystemon,Pontederiaceae Kunth
Eurystyles,Orchidaceae Juss.
Eurytaenia,Apiaceae Lindl.
Eusideroxylon,Lauraceae Juss.
Eustachys,Poaceae Barnhart
Eustoma,Gentianaceae Juss.
Eustrephus,Smilacaceae Vent.
Eustylis,Iridaceae Juss.
Euterpe,Arecaceae Bercht. & J. Presl
Euthamia,Asteraceae Bercht. & J. Presl
Eutrema,Brassicaceae Burnett
Eutrochium,Asteraceae Bercht. & J. Presl
Euxolus,Amaranthaceae Martinov
Evax,Asteraceae Bercht. & J. Presl
Evernia,Parmeliaceae F. Berchtold & J. Presl
Everniastrum,Parmeliaceae F. Berchtold & J. Presl
Everniicola,Uncertain Ascomycota Family
Evolvulus,Convolvulaceae Juss.
Exacum,Gentianaceae Juss.
Exallage,Rubiaceae Juss.
Excoecaria,Capparaceae Juss.
Exocarpos,Santalaceae R. Br.
Exochorda,Rosaceae Juss.
Exogonium,Convolvulaceae Juss.
Exomis,Chenopodiaceae Vent.
Exostema,Rubiaceae Juss.
Exothea,Sapindaceae Juss.
Extriplex,Chenopodiaceae Vent.
Eysenhardtia,Fabaceae Lindl.
Faba,Fabaceae Lindl.
Fabiana,Solanaceae Juss.
Fabronia,Fabroniaceae Schimp.
Facelis,Asteraceae Bercht. & J. Presl
Fadyenia,Dryopteridaceae Herter
Fagonia,Zygophyllaceae R. Br.
Fagopyrum,Polygonaceae Juss.
Fagraea,Loganiaceae R. Br. ex Mart.
Fagus,Fagaceae
Faidherbia,Fabaceae Lindl.
Falcaria,Apiaceae Lindl.
Falcata,Fabaceae Lindl.
Falcataria,Fabaceae Lindl.
Fallopia,Polygonaceae Juss.
Fallugia,Rosaceae Juss.
Faradaya,Verbenaceae J. St.-Hil.
Faramea,Rubiaceae Juss.
Farnoldia,Porpidiaceae Hertel & Hafellner
Fatoua,Moraceae Gaudich.
Fatsia,Araliaceae Juss.
Fauria,Menyanthaceae Dumort.
Fayodia,Tricholomataceae R. Heim ex Pouzar
Feijoa,Myrtaceae Juss.
Felicia,Asteraceae Bercht. & J. Presl
Fellhanera,Pilocarpaceae Zahlbr.
Fendlera,Hydrangeaceae
Fendlerella,Hydrangeaceae Dumort.
Fernaldia,Apocynaceae Juss.
Ferocactus,Cactaceae Juss.
Feronia,Rutaceae Juss.
Ferula,Apiaceae Lindl.
Festuca,Poaceae Barnhart
Fevillea,Cucurbitaceae Juss.
Fibraurea,Menispermaceae Juss.
Ficaria,Ranunculaceae Juss.
Ficus,Moraceae Gaudich.
Filaginella,Asteraceae Bercht. & J. Presl
Filaginopsis,Asteraceae Bercht. & J. Presl
Filago,Asteraceae Bercht. & J. Presl
Filicium,Sapindaceae Juss.
Filifolium,Asteraceae Bercht. & J. Presl
Filipendula,Rosaceae Juss.
Filix,Dryopteridaceae Herter
Fimbristylis,Cyperaceae Juss.
Fingerhuthia,Poaceae Barnhart
Finlaysonia,Asclepiadaceae Borkh.
Finschia,Proteaceae Juss.
Fioria,Malvaceae Juss.
Firmiana,Sterculiaceae Vent.
Fissidens,Fissidentaceae Schimp.
Fissipes,Orchidaceae Juss.
Fistulariella,Ramalinaceae C. Agardh
Fitchia,Asteraceae Bercht. & J. Presl
Fitzroya,Cupressaceae Gray
Flacourtia,Flacourtiaceae Rich. ex DC.
Flagellaria,Flagellariaceae
Flaveria,Asteraceae Bercht. & J. Presl
Flavocetraria,Parmeliaceae F. Berchtold & J. Presl
Flavoparmelia,Parmeliaceae F. Berchtold & J. Presl
Flavopunctelia,Parmeliaceae F. Berchtold & J. Presl
Fleischmannia,Asteraceae Bercht. & J. Presl
Flemingia,Fabaceae Lindl.
Fleurya,Urticaceae Juss.
Flickingeria,Orchidaceae Juss.
Flindersia,Rutaceae Juss.
Floerkea,Limnanthaceae R. Br.
Florestina,Asteraceae Bercht. & J. Presl
Flourensia,Asteraceae Bercht. & J. Presl
Flueggea,Euphorbiaceae Juss.
Fluminia,Poaceae Barnhart
Flyriella,Asteraceae Bercht. & J. Presl
Foeniculum,Apiaceae Lindl.
Fontanesia,Oleaceae Hoffmanns. & Link
Fontinalis,Fontinalaceae Schimp.
Foraminella,Parmeliaceae F. Berchtold & J. Presl
Forchhammeria,Capparaceae Juss.
Forestiera,Oleaceae Hoffmanns. & Link
Forsellesia,Crossosomataceae Engl.
Forssellia,Lichinaceae Nyl.
Forsstroemia,Leptodontaceae Schimp.
Forsteronia,Apocynaceae Juss.
Forsythia,Oleaceae Hoffmanns. & Link
Fortunella,Rutaceae Juss.
Fossombronia,Fossombroniaceae Hazsl.
Fothergilla,Hamamelidaceae R. Br.
Fouquieria,Fouquieriaceae DC.
Fragaria,Rosaceae Juss.
Frangula,Rhamnaceae Juss.
Frankenia,Frankeniaceae Desv.
Franklinia,Theaceae Mirb.
Franseria,Asteraceae Bercht. & J. Presl
Frasera,Gentianaceae Juss.
Fraxinus,Oleaceae
Freesia,Iridaceae Juss.
Fremontia,Sterculiaceae Vent.
Fremontodendron,Sterculiaceae Vent.
Freycinetia,Pandanaceae R. Br.
Friesodielsia,Annonaceae Juss.
Fritillaria,Liliaceae Juss.
Froelichia,Amaranthaceae Martinov
Frullania,Jubulaceae H. Klinggr.
Frullanoides,Lejeuneaceae Rostovzev
Frutidella,Lecideaceae Chevall.
Fryxellia,Malvaceae Juss.
Fuchsia,Onagraceae Juss.
Fuirena,Cyperaceae Juss.
Fulgensia,Teloschistaceae Zahlbr.
Fumaria,Fumariaceae Marquis
Funaria,Funariaceae Schwägr.
Funastrum,Asclepiadaceae Borkh.
Funkiella,Orchidaceae Juss.
Funtumia,Apocynaceae Juss.
Furcraea,Agavaceae Dumort.
Fuscidea,Lecanoraceae Körb.
Fuscopannaria,Pannariaceae Tuck.
Gadellia,Campanulaceae Juss.
Gaertnera,Asteraceae Bercht. & J. Presl
Gaertneria,Asteraceae Bercht. & J. Presl
Gaga,Pteridaceae E.D.M. Kirchn.
Gagea,Liliaceae Juss.
Gahnia,Cyperaceae Juss.
Gaillardia,Asteraceae Bercht. & J. Presl
Galactia,Fabaceae Lindl.
Galanthus,Liliaceae Juss.
Galarhoeus,Euphorbiaceae Juss.
Galatea,Iridaceae Juss.
Galatella,Asteraceae Bercht. & J. Presl
Galax,Diapensiaceae Lindl.
Gale,Myricaceae Rich. ex Kunth
Galeandra,Orchidaceae Juss.
Galearis,Orchidaceae Juss.
Galega,Fabaceae Lindl.
Galenia,Aizoaceae Martinov
Galeopsis,Lamiaceae Martinov
Galeorchis,Orchidaceae Juss.
Galinsoga,Asteraceae Bercht. & J. Presl
Galipea,Rutaceae Juss.
Galium,Rubiaceae Juss.
Galphimia,Malpighiaceae Juss.
Galpinsia,Onagraceae Juss.
Galvezia,Scrophulariaceae Juss.
Galypola,Polygalaceae Hoffmanns. & Link
Gambelia,Scrophulariaceae Juss.
Gamochaeta,Asteraceae Bercht. & J. Presl
Garberia,Asteraceae Bercht. & J. Presl
Garcia,Euphorbiaceae Juss.
Garcinia,Clusiaceae Lindl.
Gardenia,Rubiaceae Juss.
Garnotia,Poaceae Barnhart
Garrya,Garryaceae Lindl.
Garysmithia,Leskeaceae Schimp.
Gasoul,Aizoaceae Martinov
Gastridium,Poaceae Barnhart
Gastrolychnis,Caryophyllaceae Juss.
Gastronychia,Caryophyllaceae Juss.
Gatesia,Acanthaceae Juss.
Gaudinia,Poaceae Barnhart
Gaultheria,Ericaceae Juss.
Gaumerocassia,Fabaceae Lindl.
Gaura,Onagraceae Juss.
Gaurella,Onagraceae Juss.
Gaussia,Arecaceae Bercht. & J. Presl
Gaya,Malvaceae Juss.
Gaylussacia,Ericaceae Juss.
Gayoides,Malvaceae Juss.
Gayophytum,Onagraceae Juss.
Gazania,Asteraceae Bercht. & J. Presl
Geheebia,Pottiaceae Hampe
Geisleria,Strigulaceae A.B. Frank
Gelsemium,Loganiaceae R. Br. ex Mart.
Gemmingia,Iridaceae Juss.
Geniostoma,Loganiaceae R. Br. ex Mart.
Genipa,Rubiaceae Juss.
Genista,Fabaceae Lindl.
Genistidium,Fabaceae Lindl.
Gentiana,Gentianaceae Juss.
Gentianella,Gentianaceae Juss.
Gentianodes,Gentianaceae Juss.
Gentianopsis,Gentianaceae Juss.
Geobalanus,Chrysobalanaceae R. Br.
Geocalyx,Geocalycaceae H. Klinggr.
Geocarpon,Caryophyllaceae Juss.
Geocaulon,Santalaceae R. Br.
Geodorum,Orchidaceae Juss.
Geoffrea,Fabaceae Lindl.
Geoffroea,Fabaceae Lindl.
Geophila,Rubiaceae Juss.
Geoprumnon,Fabaceae Lindl.
Geothallus,Sphaerocarpaceae Heeg
Geraea,Asteraceae Bercht. & J. Presl
Geranium,Geraniaceae Juss.
Gerardia,Acanthaceae Juss.
Gerbera,Asteraceae Bercht. & J. Presl
Gesneria,Gesneriaceae Rich. & Juss.
Geum,Rosaceae Juss.
Ghinia,Verbenaceae J. St.-Hil.
Gibasis,Commelinaceae Mirb.
Gibbesia,Caryophyllaceae Juss.
Gifola,Asteraceae Bercht. & J. Presl
Gigantochloa,Poaceae Barnhart
Gilia,Polemoniaceae Juss.
Giliastrum,Polemoniaceae Juss.
Gillenia,Rosaceae Juss.
Gilmania,Polygonaceae Juss.
Ginkgo,Ginkgoaceae Engl.
Ginoria,Lythraceae J. St.-Hil.
Girgensohnia,Pleuroziopsidaceae Ireland
Gironniera,Ulmaceae Mirb.
Gisekia,Phytolaccaceae R. Br.
Githopsis,Campanulaceae Juss.
Glabraria,Lauraceae Juss.
Gladiolus,Iridaceae Juss.
Glandularia,Verbenaceae J. St.-Hil.
Glandulicactus,Cactaceae Juss.
Glaucium,Papaveraceae Juss.
Glaucocarpum,Brassicaceae Burnett
Glaucomaria,Lecanoraceae Körb.
Glaux,Primulaceae Batsch
Glebionis,Asteraceae Bercht. & J. Presl
Glechoma,Lamiaceae Martinov
Gleditsia,Fabaceae Lindl.
Glehnia,Apiaceae Lindl.
Gleichenia,Gleicheniaceae C. Presl
Glinus,Molluginaceae Bartl.
Gliricidia,Fabaceae Lindl.
Globba,Zingiberaceae Martinov
Globifera,Scrophulariaceae Juss.
Globulinella,Pottiaceae Hampe
Glochidion,Euphorbiaceae Juss.
Gloriosa,Liliaceae Juss.
Glossadelphus,Hypnaceae Schimp.
Glossocardia,Asteraceae Bercht. & J. Presl
Glossogyne,Asteraceae Bercht. & J. Presl
Glossopetalon,Crossosomataceae Engl.
Glossostigma,Scrophulariaceae Juss.
Glossostylis,Scrophulariaceae Juss.
Glottidium,Fabaceae Lindl.
Gloxinia,Gesneriaceae Rich. & Juss.
Gluta,Anacardiaceae R. Br.
Glyceria,Poaceae Barnhart
Glycine,Fabaceae Lindl.
Glycosma,Apiaceae Lindl.
Glycosmis,Rutaceae Juss.
Glycyrrhiza,Fabaceae Lindl.
Glyphis,Graphidaceae Dumort.
Glypholecia,Acarosporaceae Zahlbr.
Glyptopleura,Asteraceae Bercht. & J. Presl
Gmelina,Verbenaceae J. St.-Hil.
Gnaphalium,Asteraceae Bercht. & J. Presl
Gnetum,Gnetaceae Blume
Gochnatia,Asteraceae Bercht. & J. Presl
Godetia,Onagraceae Juss.
Goetzea,Solanaceae Juss.
Gollania,Hypnaceae Schimp.
Gomidesia,Myrtaceae Juss.
Gomozia,Rubiaceae Juss.
Gomphia,Ochnaceae DC.
Gomphillus,Gomphillaceae Walt. Watson
Gomphocarpus,Asclepiadaceae Borkh.
Gomphrena,Amaranthaceae Martinov
Gongylia,Adelococcaceae Triebel
Goniophlebium,Polypodiaceae J. Presl & C. Presl
Goniopteris,Thelypteridaceae Ching ex Pic. Serm.
Goniostachyum,Verbenaceae J. St.-Hil.
Goniothalamus,Annonaceae Juss.
Gonocalyx,Ericaceae Juss.
Gonocarpus,Haloragaceae R. Br.
Gonohymenia,Lichinaceae Nyl.
Gonolobus,Asclepiadaceae Borkh.
Gonopyrum,Polygonaceae Juss.
Gonotheca,Asteraceae Bercht. & J. Presl
Gonzalagunia,Rubiaceae Juss.
Goodmania,Polygonaceae Juss.
Goodyera,Orchidaceae Juss.
Gordonia,Theaceae Mirb.
Gormania,Crassulaceae J. St.-Hil.
Gorteria,Asteraceae Bercht. & J. Presl
Gossypianthus,Amaranthaceae Martinov
Gossypium,Malvaceae Juss.
Gouania,Rhamnaceae Juss.
Gouldia,Rubiaceae Juss.
Gourliea,Fabaceae Lindl.
Govenia,Orchidaceae Juss.
Gracilariopsis,Gracilariaceae
Graffenrieda,Melastomataceae Juss.
Grammadenia,Myrsinaceae R. Br.
Grammica,Cuscutaceae Dumort.
Grammitis,Grammitidaceae Newman
Granulopyrenis,Pyrenulaceae Rabenh.
Graphephorum,Poaceae Barnhart
Graphidium,Trichocomaceae E. Fisch.
Graphina,Graphidaceae Dumort.
Graphis,Graphidaceae Dumort.
Graptopetalum,Crassulaceae J. St.-Hil.
Graptophyllum,Acanthaceae Juss.
Grateloupia,Halymeniaceae
Gratiola,Scrophulariaceae Juss.
Grayia,Chenopodiaceae Vent.
Greenella,Asteraceae Bercht. & J. Presl
Greeneocharis,Boraginaceae Juss.
Greggia,Brassicaceae Burnett
Gregoria,Primulaceae Batsch
Grevillea,Proteaceae Juss.
Grevilleanum,Timmiaceae Schimp.
Grewia,Tiliaceae Juss.
Greyia,Greyiaceae
Grimmia,Grimmiaceae Arn.
Grindelia,Asteraceae Bercht. & J. Presl
Grossularia,Grossulariaceae DC.
Groutiella,Orthotrichaceae Arn.
Grusonia,Cactaceae Juss.
Guaiacum,Zygophyllaceae R. Br.
Guamia,Annonaceae Juss.
Guapira,Nyctaginaceae Juss.
Guardiola,Asteraceae Bercht. & J. Presl
Guarea,Meliaceae Juss.
Guatteria,Annonaceae Juss.
Guazuma,Sterculiaceae Vent.
Guettarda,Rubiaceae Juss.
Guibourtia,Fabaceae Lindl.
Guilandina,Fabaceae Lindl.
Guilielma,Arecaceae Bercht. & J. Presl
Guilleminea,Amaranthaceae Martinov
Guillenia,Brassicaceae Burnett
Guizotia,Asteraceae Bercht. & J. Presl
Gulubia,Arecaceae Bercht. & J. Presl
Gundelia,Asteraceae Bercht. & J. Presl
Gundlachia,Asteraceae Bercht. & J. Presl
Gunnera,Gunneraceae Meisn.
Gutierrezia,Asteraceae
Guzmania,Bromeliaceae Juss.
Gyalecta,Gyalectaceae Stizenb.
Gyalectidium,Thelotremataceae Stizenb.
Gyalectina,Gyalectaceae Stizenb.
Gyalidea,Solorinellaceae
Gyalideopsis,Gomphillaceae Walt. Watson
Gyalidiopsis,Gomphillaceae Walt. Watson
Gyminda,Celastraceae R. Br.
Gymnadenia,Orchidaceae Juss.
Gymnadeniopsis,Orchidaceae Juss.
Gymnanthemum,Asteraceae Bercht. & J. Presl
Gymnanthes,Euphorbiaceae Juss.
Gymnema,Asclepiadaceae Borkh.
Gymnocarpium,Dryopteridaceae Herter
Gymnocladus,Fabaceae Lindl.
Gymnocolea,Jungermanniaceae Rchb.
Gymnoderma,Cladoniaceae Zenker
Gymnolomia,Asteraceae Bercht. & J. Presl
Gymnomitrion,Gymnomitriaceae H. Klinggr.
Gymnopogon,Poaceae Barnhart
Gymnopteris,Pteridaceae E.D.M. Kirchn.
Gymnosiphon,Burmanniaceae Blume
Gymnosperma,Asteraceae Bercht. & J. Presl
Gymnosporia,Celastraceae R. Br.
Gymnosteris,Polemoniaceae Juss.
Gymnostomiella,Pottiaceae Hampe
Gymnostomum,Pottiaceae Hampe
Gymnostyles,Asteraceae Bercht. & J. Presl
Gynandropsis,Capparaceae Juss.
Gynerium,Poaceae Barnhart
Gynochthodes,Rubiaceae Juss.
Gynotroches,Rhizophoraceae Pers.
Gynura,Asteraceae Bercht. & J. Presl
Gypsophila,Caryophyllaceae Juss.
Gypsoplaca,Gypsoplaceae Timdal
Gyrophora,Umbilicariaceae Chevall.
Gyrostomum,Graphidaceae Dumort.
Gyrotheca,Haemodoraceae R. Br.
Gyrothyra,Gyrothyraceae R.M. Schust.
Gyroweisia,Pottiaceae Hampe
Habenaria,Orchidaceae Juss.
Habenella,Orchidaceae Juss.
Habranthus,Liliaceae Juss.
Habrodon,Pterigynandraceae Schimp.
Hackelia,Boraginaceae Juss.
Hackelochloa,Poaceae Barnhart
Haemanthus,Liliaceae Juss.
Haematomma,Haematommataceae Hafellner
Haematoxylum,Fabaceae Lindl.
Haemocharis,Theaceae Mirb.
Haenianthus,Oleaceae Hoffmanns. & Link
Hafellia,Physciaceae Zahlbr.
Hafellnera,Schaereriaceae M. Choisy ex Hafellner
Hainardia,Poaceae Barnhart
Hakea,Proteaceae Juss.
Hakonechloa,Poaceae Barnhart
Halea,Asteraceae Bercht. & J. Presl
Halecania,Catillariaceae Hafellner
Halenia,Gentianaceae Juss.
Halerpestes,Ranunculaceae Juss.
Halesia,Styracaceae DC. & Spreng.
Halimione,Chenopodiaceae Vent.
Halimium,Cistaceae Juss.
Halimodendron,Fabaceae Lindl.
Halimolobos,Brassicaceae Burnett
Halliophytum,Euphorbiaceae Juss.
Halocnemum,Chenopodiaceae Vent.
Halodule,Cymodoceaceae Vines
Halogeton,Chenopodiaceae Vent.
Halophila,Hydrocharitaceae Juss.
Haloragis,Haloragaceae R. Br.
Haloscias,Apiaceae Lindl.
Halostachys,Chenopodiaceae Vent.
Hamamelis,Hamamelidaceae R. Br.
Hamatocactus,Cactaceae Juss.
Hamatocaulis,Amblystegiaceae Kindb.
Hamelia,Rubiaceae Juss.
Hammarbya,Orchidaceae Juss.
Hamosa,Fabaceae Lindl.
Hamulium,Asteraceae Bercht. & J. Presl
Hancornia,Apocynaceae Juss.
Hanguana,Hanguanaceae Airy Shaw
Hapalanthus,Commelinaceae Mirb.
Hapalorchis,Orchidaceae Juss.
Haplocarpha,Asteraceae Bercht. & J. Presl
Haplocladium,Leskeaceae Schimp.
Haploesthes,Asteraceae Bercht. & J. Presl
Haplohymenium,Anomodontaceae Kindb.
Haplomitrium,Haplomitriaceae
Haplopappus,Asteraceae Bercht. & J. Presl
Haplophyton,Apocynaceae Juss.
Haplopteris,Vittariaceae Ching
Haplostachys,Lamiaceae Martinov
Harbouria,Apiaceae Lindl.
Hardenbergia,Fabaceae Lindl.
Harmonia,Asteraceae Bercht. & J. Presl
Harpagonella,Boraginaceae Juss.
Harpagophytum,Pedaliaceae R. Br.
Harpalejeunea,Lejeuneaceae Rostovzev
Harpanthus,Geocalycaceae H. Klinggr.
Harperella,Apiaceae Lindl.
Harperocallis,Liliaceae Juss.
Harpullia,Sapindaceae Juss.
Harrimanella,Ericaceae Juss.
Harrisella,Orchidaceae Juss.
Harrisia,Cactaceae Juss.
Hartmannia,Onagraceae Juss.
Hartwrightia,Asteraceae Bercht. & J. Presl
Hassea,Uncertain Ascomycota Family
Hasseanthus,Crassulaceae J. St.-Hil.
Hasteola,Asteraceae Bercht. & J. Presl
Hastingsia,Liliaceae Juss.
Hatiora,Cactaceae Juss.
Havardia,Fabaceae Lindl.
Hawksworthiana,Uncertain Ascomycota Family
Haynaldia,Poaceae Barnhart
Hazardia,Asteraceae Bercht. & J. Presl
Hebanthe,Amaranthaceae Martinov
Hebe,Scrophulariaceae Juss.
Hebeclinium,Asteraceae Bercht. & J. Presl
Hebestigma,Fabaceae Lindl.
Hecastocleis,Asteraceae Bercht. & J. Presl
Hecatonia,Ranunculaceae Juss.
Hechtia,Bromeliaceae Juss.
Hecistopteris,Vittariaceae Ching
Hedeoma,Lamiaceae Martinov
Hedera,Araliaceae Juss.
Hedosyne,Asteraceae Bercht. & J. Presl
Hedwigia,Hedwigiaceae Schimp.
Hedychium,Zingiberaceae Martinov
Hedyosmum,Chloranthaceae R. Br. ex Sims
Hedyotis,Rubiaceae Juss.
Hedypnois,Asteraceae Bercht. & J. Presl
Hedysarum,Fabaceae Lindl.
Heimia,Lythraceae J. St.-Hil.
Heisteria,Olacaceae R. Br.
Helanthium,Alismataceae Vent.
Heleastrum,Asteraceae Bercht. & J. Presl
Helenium,Asteraceae Bercht. & J. Presl
Heleocharis,Cyperaceae Juss.
Heleochloa,Poaceae Barnhart
Helianthella,Asteraceae Bercht. & J. Presl
Helianthemum,Cistaceae Juss.
Helianthium,Alismataceae Vent.
Helianthus,Asteraceae
Helichrysum,Asteraceae Bercht. & J. Presl
Heliconia,Heliconiaceae Nakai
Helicteres,Sterculiaceae Vent.
Helictotrichon,Poaceae Barnhart
Helietta,Rutaceae Juss.
Heliocarpus,Tiliaceae Juss.
Heliomeris,Asteraceae Bercht. & J. Presl
Heliopsis,Asteraceae Bercht. & J. Presl
Heliotropium,Boraginaceae Juss.
Helipterum,Asteraceae Bercht. & J. Presl
Helleborus,Ranunculaceae Juss.
Helleriella,Orchidaceae Juss.
Helminthocarpon,Graphidaceae Dumort.
Helminthostachys,Ophioglossaceae Martinov
Helminthotheca,Asteraceae Bercht. & J. Presl
Helocarpon,Micareaceae
Helodium,Helodiaceae Ochyra
Helonias,Liliaceae Juss.
Helosciadium,Apiaceae Lindl.
Helxine,Urticaceae Juss.
Hemarthria,Poaceae Barnhart
Hemerocallis,Liliaceae Juss.
Hemiachyris,Asteraceae Bercht. & J. Presl
Hemianthus,Scrophulariaceae Juss.
Hemicarpha,Cyperaceae Juss.
Hemichaena,Scrophulariaceae Juss.
Hemidictyum,Dryopteridaceae Herter
Hemidiodia,Rubiaceae Juss.
Hemieva,Saxifragaceae Juss.
Hemigraphis,Acanthaceae Juss.
Hemionitis,Pteridaceae E.D.M. Kirchn.
Hemiscola,Capparaceae Juss.
Hemitelia,Cyatheaceae Kaulf.
Hemitomes,Monotropaceae Nutt.
Hemizonella,Asteraceae Bercht. & J. Presl
Hemizonia,Asteraceae Bercht. & J. Presl
Henicodium,Pterobryaceae Kindb.
Henriettea,Melastomataceae Juss.
Henriettella,Melastomataceae Juss.
Henrya,Acanthaceae Juss.
Hepatica,Ranunculaceae Juss.
Heppia,Heppiaceae Zahlbr.
Heracleum,Apiaceae Lindl.
Herbertia,Iridaceae Juss.
Herbertus,Herbertaceae Müll. Frib. ex Fulford & Hatcher
Herissantia,Malvaceae Juss.
Heritiera,Sterculiaceae Vent.
Hermannia,Sterculiaceae Vent.
Hermbstaedtia,Amaranthaceae Martinov
Hermidium,Nyctaginaceae Juss.
Hernandia,Hernandiaceae Blume
Herniaria,Caryophyllaceae Juss.
Herpestis,Scrophulariaceae Juss.
Herpetica,Fabaceae Lindl.
Herpetineuron,Anomodontaceae Kindb.
Herpothallon,Arthoniaceae Rchb.
Herpothamnus,Ericaceae Juss.
Herrea,Aizoaceae Martinov
Herrickia,Asteraceae Bercht. & J. Presl
Herteliana,Bacidiaceae Walt. Watson
Hertia,Asteraceae Bercht. & J. Presl
Herzogiella,Hypnaceae Schimp.
Hesperaloe,Agavaceae Dumort.
Hesperevax,Asteraceae Bercht. & J. Presl
Hesperidanthus,Brassicaceae Burnett
Hesperis,Brassicaceae Burnett
Hesperocallis,Liliaceae Juss.
Hesperochiron,Hydrophyllaceae R. Br.
Hesperochloa,Poaceae Barnhart
Hesperocnide,Urticaceae Juss.
Hesperocyparis,Cupressaceae Gray
Hesperodoria,Asteraceae Bercht. & J. Presl
Hesperogenia,Apiaceae Lindl.
Hesperolinon,Linaceae DC. ex Perleb
Hesperomannia,Asteraceae Bercht. & J. Presl
Hesperomecon,Papaveraceae Juss.
Hesperonia,Nyctaginaceae Juss.
Hesperoscordium,Liliaceae Juss.
Hesperoscordum,Liliaceae Juss.
Hesperostipa,Poaceae
Hesperoxalis,Oxalidaceae R. Br.
Hesperoyucca,Agavaceae Dumort.
Hetaeria,Orchidaceae Juss.
Heteranthelium,Poaceae Barnhart
Heteranthemis,Asteraceae Bercht. & J. Presl
Heteranthera,Pontederiaceae Kunth
Heterocarpon,Verrucariaceae Eschw.
Heterocentron,Melastomataceae Juss.
Heterocladium,Pterigynandraceae Schimp.
Heterocodon,Campanulaceae Juss.
Heterocyphelium,Uncertain Ascomycota Family
Heterodermia,Physciaceae Zahlbr.
Heterodraba,Brassicaceae Burnett
Heterogaura,Onagraceae Juss.
Heterogonium,Dryopteridaceae Herter
Heteromeles,Rosaceae Juss.
Heteropappus,Asteraceae Bercht. & J. Presl
Heteropholis,Poaceae Barnhart
Heterophyllium,Hypnaceae Schimp.
Heteropogon,Poaceae Barnhart
Heteropteris,Malpighiaceae Juss.
Heteropterys,Malpighiaceae Juss.
Heterospathe,Arecaceae Bercht. & J. Presl
Heterosperma,Asteraceae Bercht. & J. Presl
Heterotheca,Asteraceae Bercht. & J. Presl
Heterotrichum,Melastomataceae Juss.
Heuchera,Saxifragaceae Juss.
Hevea,Euphorbiaceae Juss.
Hexalectris,Orchidaceae Juss.
Hexastylis,Aristolochiaceae Juss.
Heyderia,Cupressaceae Gray
Heylandia,Fabaceae Lindl.
Hibiscadelphus,Malvaceae Juss.
Hibiscus,Malvaceae Juss.
Hicoria,Juglandaceae DC. ex Perleb
Hicriopteris,Gleicheniaceae C. Presl
Hieracium,Asteraceae Bercht. & J. Presl
Hierochloe,Poaceae Barnhart
Hilaria,Poaceae Barnhart
Hillebrandia,Begoniaceae C. Agardh
Hillia,Rubiaceae Juss.
Hilpertia,Pottiaceae Hampe
Himantostemma,Asclepiadaceae Borkh.
Hippeastrum,Liliaceae Juss.
Hippobroma,Campanulaceae Juss.
Hippochaete,Equisetaceae Michx. ex DC.
Hippocratea,Celastraceae R. Br.
Hippocrepis,Fabaceae Lindl.
Hippomane,Euphorbiaceae Juss.
Hippophae,Elaeagnaceae Juss.
Hipposelinum,Apiaceae Lindl.
Hippuris,Hippuridaceae Vest
Hiptage,Malpighiaceae Juss.
Hiraea,Malpighiaceae Juss.
Hirculus,Saxifragaceae Juss.
Hirschfeldia,Brassicaceae Burnett
Hirtella,Chrysobalanaceae R. Br.
Histiopteris,Dennstaedtiaceae Lotsy
Hitchenia,Zingiberaceae Martinov
Hjaltalinia,Crassulaceae J. St.-Hil.
Hobsonia,Uncertain Basidiomycota Family
Hodgsonia,Cucurbitaceae Juss.
Hoffmania,Rubiaceae Juss.
Hoffmannia,Rubiaceae Juss.
Hoffmannseggia,Fabaceae Lindl.
Hofmeisteria,Asteraceae Bercht. & J. Presl
Hohenbergia,Bromeliaceae Juss.
Hoheria,Malvaceae Juss.
Hoita,Fabaceae Lindl.
Holacantha,Simaroubaceae DC.
Holarrhena,Apocynaceae Juss.
Holcophacos,Fabaceae Lindl.
Holcus,Poaceae Barnhart
Hollisteria,Polygonaceae Juss.
Holmgrenanthe,Scrophulariaceae Juss.
Holmgrenia,Hypnaceae Schimp.
Holmskioldia,Verbenaceae J. St.-Hil.
Holocarpha,Asteraceae Bercht. & J. Presl
Holodiscus,Rosaceae Juss.
Holographis,Acanthaceae Juss.
Holoschoenus,Cyperaceae Juss.
Holosteum,Caryophyllaceae Juss.
Holozonia,Asteraceae Bercht. & J. Presl
Homalia,Neckeraceae Schimp.
Homaliadelphus,Neckeraceae Schimp.
Homalium,Flacourtiaceae Rich. ex DC.
Homalobus,Fabaceae Lindl.
Homalocenchrus,Poaceae Barnhart
Homalocephala,Cactaceae Juss.
Homalocladium,Polygonaceae Juss.
Homalomena,Araceae Juss.
Homalotheciella,Brachytheciaceae Schimp.
Homalothecium,Brachytheciaceae Schimp.
Homeria,Iridaceae Juss.
Homolepis,Poaceae Barnhart
Homomallium,Hypnaceae Schimp.
Homopholis,Poaceae Barnhart
Homostegia,Uncertain Ascomycota Family
Honckenya,Caryophyllaceae Juss.
Hookera,Liliaceae Juss.
Hookeria,Callicostaceae H.A. Crum
Hookeriopsis,Callicostaceae H.A. Crum
Hopea,Dipterocarpaceae Blume
Hopia,Poaceae Barnhart
Hordelymus,Poaceae Barnhart
Hordeum,Poaceae Barnhart
Horkelia,Rosaceae Juss.
Horkeliella,Rosaceae Juss.
Hormidium,Orchidaceae Juss.
Hornemannia,Ericaceae Juss.
Hornungia,Brassicaceae Burnett
Horsfieldia,Myristicaceae R. Br.
Horsfordia,Malvaceae Juss.
Hosackia,Fabaceae Lindl.
Hosta,Liliaceae Juss.
Hottonia,Scrophulariaceae Juss.
Houstonia,Rubiaceae Juss.
Houttuynia,Saururaceae Rich. ex T. Lestib.
Hovenia,Rhamnaceae Juss.
Howeia,Arecaceae Bercht. & J. Presl
Howellanthus,Hydrophyllaceae R. Br.
Howellia,Campanulaceae Juss.
Howelliella,Scrophulariaceae Juss.
Hoya,Asclepiadaceae Borkh.
Hudsonia,Cistaceae Juss.
Hufelandia,Lauraceae Juss.
Hugelia,Polemoniaceae Juss.
Hugeria,Ericaceae Juss.
Huilia,Porpidiaceae Hertel & Hafellner
Hulsea,Asteraceae Bercht. & J. Presl
Hulteniella,Asteraceae Bercht. & J. Presl
Humata,Davalliaceae
Humulus,Cannabaceae Martinov
Hunnemannia,Papaveraceae Juss.
Hunzikeria,Solanaceae Juss.
Huperzia,Lycopodiaceae P. Beauv. ex Mirb.
Hura,Euphorbiaceae Juss.
Husnotiella,Pottiaceae Hampe
Hutchinsia,Brassicaceae Burnett
Hutera,Brassicaceae Burnett
Hyacinthoides,Liliaceae Juss.
Hyacinthus,Liliaceae Juss.
Hybanthus,Violaceae Batsch
Hybosperma,Rhamnaceae Juss.
Hydastylus,Iridaceae Juss.
Hydatica,Saxifragaceae Juss.
Hydnocarpus,Flacourtiaceae Rich. ex DC.
Hydnophytum,Rubiaceae Juss.
Hydrangea,Hydrangeaceae Dumort.
Hydranthelium,Scrophulariaceae Juss.
Hydrastis,Ranunculaceae Juss.
Hydriastele,Arecaceae Bercht. & J. Presl
Hydrilla,Hydrocharitaceae Juss.
Hydrocharis,Hydrocharitaceae Juss.
Hydrochloa,Poaceae Barnhart
Hydrocleys,Limnocharitaceae Takht. ex Cronquist
Hydrocotyle,Apiaceae Lindl.
Hydrogrimmia,Grimmiaceae Arn.
Hydrolea,Hydrophyllaceae R. Br.
Hydromystria,Hydrocharitaceae Juss.
Hydrophila,Crassulaceae J. St.-Hil.
Hydrophylax,Rubiaceae Juss.
Hydrophyllum,Hydrophyllaceae R. Br.
Hydrothyria,Peltigeraceae Dumort.
Hydrotrida,Scrophulariaceae Juss.
Hyeronima,Euphorbiaceae Juss.
Hygroamblystegium,Amblystegiaceae Kindb.
Hygrobiella,Cephaloziaceae Mig.
Hygrohypnum,Amblystegiaceae Kindb.
Hygrophila,Acanthaceae Juss.
Hygroryza,Poaceae Barnhart
Hylocereus,Cactaceae Juss.
Hylocomiastrum,Hylocomiaceae M. Fleisch.
Hylocomium,Hylocomiaceae M. Fleisch.
Hylodesmum,Fabaceae Lindl.
Hylotelephium,Crassulaceae J. St.-Hil.
Hymenachne,Poaceae Barnhart
Hymenaea,Fabaceae Lindl.
Hymenatherum,Asteraceae Bercht. & J. Presl
Hymenelia,Hymeneliaceae Körb.
Hymenocallis,Liliaceae Juss.
Hymenocarpos,Fabaceae Lindl.
Hymenochaeta,Cyperaceae Juss.
Hymenoclea,Asteraceae Bercht. & J. Presl
Hymenodium,Dryopteridaceae Herter
Hymenolobus,Brassicaceae Burnett
Hymenopappus,Asteraceae Bercht. & J. Presl
Hymenophyllum,Hymenophyllaceae Mart.
Hymenophysa,Brassicaceae Burnett
Hymenosporum,Pittosporaceae R. Br.
Hymenostomum,Pottiaceae Hampe
Hymenostylium,Pottiaceae Hampe
Hymenothrix,Asteraceae Bercht. & J. Presl
Hymenoxys,Asteraceae Bercht. & J. Presl
Hyophila,Pottiaceae Hampe
Hyophiladelphus,Pottiaceae Hampe
Hyophilopsis,Pottiaceae Hampe
Hyoscyamus,Solanaceae Juss.
Hyoseris,Asteraceae Bercht. & J. Presl
Hyparrhenia,Poaceae Barnhart
Hypecoum,Fumariaceae Marquis
Hypelate,Sapindaceae Juss.
Hyperbaena,Menispermaceae Juss.
Hypericum,Clusiaceae Lindl.
Hyperphyscia,Physciaceae Zahlbr.
Hyphaene,Arecaceae Bercht. & J. Presl
Hypnum,Hypnaceae Schimp.
Hypocenomyce,Bacidiaceae Walt. Watson
Hypochaeris,Asteraceae Bercht. & J. Presl
Hypoderris,Dryopteridaceae Herter
Hypoestes,Acanthaceae Juss.
Hypogon,Lamiaceae Martinov
Hypogymnia,Parmeliaceae F. Berchtold & J. Presl
Hypogynium,Poaceae Barnhart
Hypolepis,Dennstaedtiaceae Lotsy
Hypolytrum,Cyperaceae Juss.
Hypopitys,Monotropaceae Nutt.
Hypopterygium,Hypopterygiaceae Mitt.
Hypotrachyna,Parmeliaceae F. Berchtold & J. Presl
Hypoxis,Liliaceae Juss.
Hyptis,Lamiaceae Martinov
Hyssopus,Lamiaceae Martinov
Hystrix,Poaceae Barnhart
Ibatia,Asclepiadaceae Borkh.
Iberis,Brassicaceae Burnett
Ibervillea,Cucurbitaceae Juss.
Ibicella,Pedaliaceae R. Br.
Ibidium,Orchidaceae Juss.
Icacina,Icacinaceae Miers
Icacorea,Myrsinaceae R. Br.
Ichnanthus,Poaceae Barnhart
Ichthyomethia,Fabaceae Lindl.
Icmadophila,Baeomycetaceae Dumort.
Idahoa,Brassicaceae Burnett
Idesia,Flacourtiaceae Rich. ex DC.
Ilex,Aquifoliaceae Bercht. & J. Presl
Iliamna,Malvaceae Juss.
Illecebrum,Amaranthaceae Martinov
Illicium,Illiciaceae A.C. Sm.
Illosporium,Uncertain Basidiomycota Family
Ilysanthes,Scrophulariaceae Juss.
Immersaria,Porpidiaceae Hertel & Hafellner
Impatiens,Balsaminaceae A. Rich.
Imperata,Poaceae Barnhart
Imperatoria,Apiaceae Lindl.
Imshaugia,Parmeliaceae F. Berchtold & J. Presl
Incarvillea,Bignoniaceae Juss.
Indigofera,Fabaceae Lindl.
Indusiella,Grimmiaceae Arn.
Inga,Fabaceae Lindl.
Inocarpus,Fabaceae Lindl.
Inodes,Arecaceae Bercht. & J. Presl
Intsia,Fabaceae Lindl.
Inula,Asteraceae Bercht. & J. Presl
Iochroma,Solanaceae Juss.
Iodanthus,Brassicaceae Burnett
Ionactis,Asteraceae Bercht. & J. Presl
Ionaspis,Hymeneliaceae Körb.
Ionidium,Violaceae Batsch
Ionopsidium,Brassicaceae Burnett
Ionopsis,Orchidaceae Juss.
Ionoxalis,Oxalidaceae R. Br.
Ioxylon,Moraceae Gaudich.
Ipheion,Liliaceae Juss.
Ipomoea,Convolvulaceae Juss.
Ipomopsis,Polemoniaceae Juss.
Iresine,Amaranthaceae Martinov
Iris,Iridaceae Juss.
Iroucana,Flacourtiaceae Rich. ex DC.
Isachne,Poaceae Barnhart
Isandrina,Fabaceae Lindl.
Isanthus,Lamiaceae Martinov
Isatis,Brassicaceae Burnett
Ischaemum,Poaceae Barnhart
Iseilema,Poaceae Barnhart
Isidrogalvia,Liliaceae Juss.
Ismelia,Asteraceae Bercht. & J. Presl
Isnardia,Onagraceae Juss.
Isocarpha,Asteraceae Bercht. & J. Presl
Isochilus,Orchidaceae Juss.
Isocoma,Asteraceae Bercht. & J. Presl
Isodendrion,Violaceae Batsch
Isoetes,Isoetaceae Dumort.
Isolepis,Cyperaceae Juss.
Isomeris,Capparaceae Juss.
Isonandra,Sapotaceae Juss.
Isopappus,Asteraceae Bercht. & J. Presl
Isopogon,Proteaceae Juss.
Isopterygiopsis,Hypnaceae Schimp.
Isopterygium,Hypnaceae Schimp.
Isopyrum,Ranunculaceae Juss.
Isothecium,Brachytheciaceae Schimp.
Isotoma,Campanulaceae Juss.
Isotrema,Aristolochiaceae Juss.
Isotria,Orchidaceae Juss.
Itea,Grossulariaceae DC.
Iva,Asteraceae Bercht. & J. Presl
Ivesia,Rosaceae Juss.
Iwatsukiella,Pterigynandraceae Schimp.
Ixeris,Asteraceae Bercht. & J. Presl
Ixia,Iridaceae Juss.
Ixidium,Eremolepidaceae Tiegh. & Kuijt
Ixophorus,Poaceae Barnhart
Ixora,Rubiaceae Juss.
Jaborosa,Solanaceae Juss.
Jacaranda,Bignoniaceae Juss.
Jacea,Asteraceae Bercht. & J. Presl
Jacksonia,Capparaceae Juss.
Jacobaea,Asteraceae Bercht. & J. Presl
Jacobinia,Acanthaceae Juss.
Jacquemontia,Convolvulaceae Juss.
Jacquinia,Theophrastaceae D. Don
Jacquiniella,Orchidaceae Juss.
Jaegeria,Asteraceae Bercht. & J. Presl
Jaegerina,Pterobryaceae Kindb.
Jaegerinopsis,Pterobryaceae Kindb.
Jaffueliobryum,Grimmiaceae Arn.
Jaltomata,Solanaceae Juss.
Jambosa,Myrtaceae Juss.
Jamesia,Hydrangeaceae Dumort.
Jamesianthus,Asteraceae Bercht. & J. Presl
Jamesoniella,Jungermanniaceae Rchb.
Janipha,Euphorbiaceae Juss.
Janusia,Malpighiaceae Juss.
Japewia,Lecanoraceae Körb.
Japewiella,Lecanoraceae Körb.
Jarava,Poaceae Barnhart
Jarilla,Caricaceae Dumort.
Jarixa,Arthopyreniaceae Walt. Watson
Jasione,Campanulaceae Juss.
Jasminum,Oleaceae Hoffmanns. & Link
Jateorhiza,Menispermaceae Juss.
Jatropha,Euphorbiaceae Juss.
Jaumea,Asteraceae Bercht. & J. Presl
Jefea,Asteraceae Bercht. & J. Presl
Jeffersonia,Berberidaceae Juss.
Jensia,Asteraceae Bercht. & J. Presl
Jepsonia,Saxifragaceae Juss.
Johanneshowellia,Polygonaceae Juss.
Joinvillea,Joinvilleaceae Toml. & A.C. Sm.
Jovibarba,Crassulaceae J. St.-Hil.
Jubaea,Arecaceae Bercht. & J. Presl
Jubula,Jubulaceae H. Klinggr.
Juglans,Juglandaceae DC. ex Perleb
Julella,Thelenellaceae O.E. Erikss. ex H. Mayrhofer
Julocroton,Euphorbiaceae Juss.
Juncellus,Cyperaceae Juss.
Juncoides,Juncaceae Juss.
Juncus,Juncaceae Juss.
Jungermannia,Jungermanniaceae Rchb.
Juniperus,Cupressaceae
Jurtsevia,Ranunculaceae Juss.
Jussiaea,Onagraceae Juss.
Justicia,Acanthaceae Juss.
Kadua,Rubiaceae Juss.
Kaempferia,Zingiberaceae Martinov
Kaernefeltia,Parmeliaceae F. Berchtold & J. Presl
Kalanchoe,Crassulaceae J. St.-Hil.
Kalimeris,Asteraceae Bercht. & J. Presl
Kalinia,Poaceae Barnhart
Kallstroemia,Zygophyllaceae R. Br.
Kalmia,Ericaceae Juss.
Kalmiella,Ericaceae Juss.
Kalmiopsis,Ericaceae Juss.
Kalopanax,Araliaceae Juss.
Kanaloa,Fabaceae Lindl.
Karatas,Bromeliaceae Juss.
Karroochloa,Poaceae Barnhart
Karschia,Dactylosporaceae Bellem. & Hafellner
Karwinskia,Rhamnaceae Juss.
Kayea,Clusiaceae Lindl.
Keckiella,Scrophulariaceae Juss.
Keerlia,Asteraceae Bercht. & J. Presl
Kelloggia,Rubiaceae Juss.
Kelseya,Rosaceae Juss.
Kennedia,Fabaceae Lindl.
Kentranthus,Valerianaceae Batsch
Kentrophyta,Fabaceae Lindl.
Kerria,Rosaceae Juss.
Kerstingiella,Fabaceae Lindl.
Keteleeria,Pinaceae Spreng. ex Rudolphi
Keysseria,Asteraceae Bercht. & J. Presl
Khaya,Meliaceae Juss.
Kiaeria,Dicranaceae Schimp.
Kickxia,Scrophulariaceae Juss.
Kigelia,Bignoniaceae Juss.
Kiliasia,Catillariaceae Hafellner
Kindbergia,Brachytheciaceae Schimp.
Kirschsteiniothelia,Pleosporaceae Nitschke
Kleinhovia,Sterculiaceae Vent.
Kleinia,Asteraceae Bercht. & J. Presl
Knautia,Dipsacaceae Juss.
Kneiffia,Onagraceae Juss.
Kniphofia,Liliaceae Juss.
Koanophyllon,Asteraceae Bercht. & J. Presl
Kobresia,Cyperaceae Juss.
Kochia,Chenopodiaceae Vent.
Koeberlinia,Capparaceae Juss.
Koeleria,Poaceae
Koellensteinia,Orchidaceae Juss.
Koellia,Lamiaceae Martinov
Koelreuteria,Sapindaceae Juss.
Koenigia,Polygonaceae Juss.
Koerberia,Placynthiaceae E. Dahl
Koerberiella,Porpidiaceae Hertel & Hafellner
Kohleria,Gesneriaceae Rich. & Juss.
Kohlmeyera,Mastodiaceae Zahlbr.
Kohlrauschia,Caryophyllaceae Juss.
Kokia,Malvaceae Juss.
Kolkwitzia,Caprifoliaceae Juss.
Koniga,Brassicaceae Burnett
Kopsia,Apocynaceae Juss.
Korthalsella,Viscaceae Batsch
Korycarpus,Poaceae Barnhart
Kosteletzkya,Malvaceae Juss.
Koyamacalia,Asteraceae Bercht. & J. Presl
Krameria,Krameriaceae Dumort.
Krapovickasia,Malvaceae Juss.
Krascheninnikovia,Chenopodiaceae Vent.
Kraunhia,Fabaceae Lindl.
Krigia,Asteraceae Bercht. & J. Presl
Krugiodendron,Rhamnaceae Juss.
Kruhsea,Liliaceae Juss.
Krynitzkia,Boraginaceae Juss.
Kuhnia,Asteraceae Bercht. & J. Presl
Kuhnistera,Fabaceae Lindl.
Kumlienia,Ranunculaceae Juss.
Kummerowia,Fabaceae Lindl.
Kunzea,Myrtaceae Juss.
Kurzia,Lepidoziaceae Limpr.
Kyhosia,Asteraceae Bercht. & J. Presl
Kyllinga,Cyperaceae Juss.
Lablab,Fabaceae Lindl.
Labordia,Loganiaceae R. Br. ex Mart.
Laburnum,Fabaceae Lindl.
Lachenalia,Liliaceae Juss.
Lachnagrostis,Poaceae Barnhart
Lachnanthes,Haemodoraceae R. Br.
Lachnocaulon,Eriocaulaceae Martinov
Lachnostoma,Asclepiadaceae Borkh.
Lacinaria,Asteraceae Bercht. & J. Presl
Lackeya,Fabaceae Lindl.
Lactuca,Asteraceae
Laelia,Orchidaceae Juss.
Laeliopsis,Orchidaceae Juss.
Laennecia,Asteraceae Bercht. & J. Presl
Laetia,Flacourtiaceae Rich. ex DC.
Laeviomyces,Uncertain Ascomycota Family
Lagarosiphon,Hydrocharitaceae Juss.
Lagascea,Asteraceae Bercht. & J. Presl
Lagenaria,Cucurbitaceae Juss.
Lagenifera,Asteraceae Bercht. & J. Presl
Lagenocarpus,Cyperaceae Juss.
Lagenophora,Asteraceae Bercht. & J. Presl
Lagerstroemia,Lythraceae J. St.-Hil.
Lagetta,Thymelaeaceae Juss.
Lagophylla,Asteraceae Bercht. & J. Presl
Lagotis,Scrophulariaceae Juss.
Lagunaria,Malvaceae Juss.
Laguncularia,Combretaceae R. Br.
Lagurus,Poaceae Barnhart
Lahmia,Arthrorhaphidaceae Poelt & Hafellner
Lallemantia,Lamiaceae Martinov
Lamarckia,Poaceae Barnhart
Lamiastrum,Lamiaceae Martinov
Lamium,Lamiaceae Martinov
Lampranthus,Aizoaceae Martinov
Lamprocapnos,Fumariaceae Marquis
Landolphia,Apocynaceae Juss.
Landoltia,Lemnaceae Martinov
Langloisia,Polemoniaceae Juss.
Languas,Zingiberaceae Martinov
Lansium,Meliaceae Juss.
Lantana,Verbenaceae J. St.-Hil.
Laothoe,Liliaceae Juss.
Lapeirousia,Iridaceae Juss.
Laphamia,Asteraceae Bercht. & J. Presl
Lapithea,Gentianaceae Juss.
Laplacea,Theaceae Mirb.
Laportea,Urticaceae Juss.
Lappa,Asteraceae Bercht. & J. Presl
Lappula,Boraginaceae Juss.
Lapsana,Asteraceae Bercht. & J. Presl
Lapsanastrum,Asteraceae Bercht. & J. Presl
Larix,Pinaceae
Larrea,Zygophyllaceae R. Br.
Lasallea,Asteraceae Bercht. & J. Presl
Lasallia,Umbilicariaceae Chevall.
Lasiacis,Poaceae Barnhart
Lasiagrostis,Poaceae Barnhart
Lasianthaea,Asteraceae Bercht. & J. Presl
Lasianthus,Rubiaceae Juss.
Lasiochloa,Poaceae Barnhart
Lasiococcus,Ericaceae Juss.
Lasiospermum,Asteraceae Bercht. & J. Presl
Lasiurus,Poaceae Barnhart
Lastarriaea,Polygonaceae Juss.
Lasthenia,Asteraceae Bercht. & J. Presl
Lastrea,Thelypteridaceae Ching ex Pic. Serm.
Lastreopsis,Dryopteridaceae Herter
Lathrocasis,Polemoniaceae Juss.
Lathyrus,Fabaceae Lindl.
Lauderlindsaya,Verrucariaceae Eschw.
Laugeria,Rubiaceae Juss.
Launaea,Asteraceae Bercht. & J. Presl
Laurentia,Campanulaceae Juss.
Laurera,Trypetheliaceae Eschw.
Laurocerasus,Rosaceae Juss.
Laurus,Lauraceae Juss.
Lavandula,Lamiaceae Martinov
Lavatera,Malvaceae Juss.
Lavauxia,Onagraceae Juss.
Lawsonia,Lythraceae J. St.-Hil.
Layia,Asteraceae Bercht. & J. Presl
Leandra,Melastomataceae Juss.
Leavenworthia,Brassicaceae Burnett
Lebeckia,Fabaceae Lindl.
Lebretonia,Malvaceae Juss.
Lecanactis,Opegraphaceae Stizenb.
Lecania,Bacidiaceae Walt. Watson
Lecanium,Hymenophyllaceae Mart.
Lecanographa,Uncertain Ascomycota Family
Lecanora,Bacidiaceae Walt. Watson
Lecanoropsis,Lecanoraceae Körb.
Lechea,Cistaceae Juss.
Lecidea,Gyalectaceae Stizenb.
Lecidella,Lecanoraceae Körb.
Lecidoma,Psoraceae Zahlbr.
Leciographa,Dactylosporaceae Bellem. & Hafellner
Leciophysma,Collemataceae Zenker
Lecticula,Lentibulariaceae Rich.
Lecythis,Lecythidaceae A. Rich.
Ledum,Ericaceae Juss.
Leea,Leeaceae Dumort.
Leersia,Poaceae Barnhart
Legazpia,Scrophulariaceae Juss.
Legenere,Campanulaceae Juss.
Legousia,Campanulaceae Juss.
Leiandra,Commelinaceae Mirb.
Leibergia,Apiaceae Lindl.
Leibnitzia,Asteraceae Bercht. & J. Presl
Leimanthium,Liliaceae Juss.
Leioderma,Pannariaceae Tuck.
Leiodon,Asteraceae Bercht. & J. Presl
Leiophyllum,Ericaceae Juss.
Leiostemon,Scrophulariaceae Juss.
Leiphaimos,Gentianaceae Juss.
Leitneria,Leitneriaceae Benth. & Hook. f.
Lejeunea,Lejeuneaceae Rostovzev
Lellingeria,Grammitidaceae Newman
Lemaireocereus,Cactaceae Juss.
Lembertia,Asteraceae Bercht. & J. Presl
Lemmonia,Hydrophyllaceae R. Br.
Lemna,Lemnaceae Martinov
Lempholemma,Lichinaceae Nyl.
Lendneria,Scrophulariaceae Juss.
Lenophyllum,Crassulaceae J. St.-Hil.
Lens,Fabaceae Lindl.
Leochilus,Orchidaceae Juss.
Leonotis,Lamiaceae Martinov
Leontodon,Asteraceae Bercht. & J. Presl
Leonurus,Lamiaceae Martinov
Leopoldia,Liliaceae Juss.
Leopoldinia,Arecaceae Bercht. & J. Presl
Lepachys,Asteraceae Bercht. & J. Presl
Lepadena,Euphorbiaceae Juss.
Lepanthes,Orchidaceae Juss.
Lepanthopsis,Orchidaceae Juss.
Lepargyrea,Elaeagnaceae Juss.
Lepechinia,Lamiaceae Martinov
Lepianthes,Piperaceae Giseke
Lepidagathis,Acanthaceae Juss.
Lepidanthus,Asteraceae Bercht. & J. Presl
Lepidaploa,Asteraceae Bercht. & J. Presl
Lepidium,Brassicaceae Burnett
Lepidoma,Psoraceae Zahlbr.
Lepidopilum,Callicostaceae H.A. Crum
Lepidospartum,Asteraceae Bercht. & J. Presl
Lepidotheca,Asteraceae Bercht. & J. Presl
Lepidotis,Lycopodiaceae P. Beauv. ex Mirb.
Lepidozia,Lepidoziaceae Limpr.
Lepinia,Apocynaceae Juss.
Lepiniopsis,Apocynaceae Juss.
Lepironia,Cyperaceae Juss.
Lepisorus,Polypodiaceae J. Presl & C. Presl
Lepraria,Chrysotrichaceae Zahlbr.
Leprocaulon,Uncertain Ascomycota Family
Leproloma,Pannariaceae Tuck.
Leproplaca,Teloschistaceae Zahlbr.
Leptamnium,Orobanchaceae Vent.
Leptandra,Scrophulariaceae Juss.
Leptarrhena,Saxifragaceae Juss.
Leptasea,Saxifragaceae Juss.
Leptecophylla,Epacridaceae R. Br.
Leptilon,Asteraceae Bercht. & J. Presl
Leptobryum,Bryaceae Rchb.
Leptocereus,Cactaceae Juss.
Leptochidium,Placynthiaceae E. Dahl
Leptochilus,Dryopteridaceae Herter
Leptochloa,Poaceae Barnhart
Leptochloopsis,Poaceae Barnhart
Leptocoryphium,Poaceae Barnhart
Leptodactylon,Polemoniaceae Juss.
Leptodictyum,Amblystegiaceae Kindb.
Leptodon,Leptodontaceae Schimp.
Leptodontium,Pottiaceae Hampe
Leptogidium,Lobariaceae Chevall.
Leptogium,Collemataceae Zenker
Leptoglossis,Solanaceae Juss.
Leptoglottis,Fabaceae Lindl.
Leptogramma,Thelypteridaceae Ching ex Pic. Serm.
Leptohymenium,Hylocomiaceae M. Fleisch.
Leptolejeunea,Lejeuneaceae Rostovzev
Leptoloma,Poaceae Barnhart
Leptopoda,Asteraceae Bercht. & J. Presl
Leptopterigynandrum,Leskeaceae Schimp.
Leptopus,Euphorbiaceae Juss.
Leptorhaphis,Arthopyreniaceae Walt. Watson
Leptoscyphus,Geocalycaceae H. Klinggr.
Leptoseris,Asteraceae Bercht. & J. Presl
Leptosiphon,Polemoniaceae Juss.
Leptospermum,Myrtaceae Juss.
Leptosyne,Asteraceae Bercht. & J. Presl
Leptotaenia,Apiaceae Lindl.
Leptotrema,Thelotremataceae Stizenb.
Lepturus,Poaceae Barnhart
Lepuropetalon,Saxifragaceae Juss.
Lepyrodiclis,Caryophyllaceae Juss.
Lerchenfeldia,Poaceae Barnhart
Lescuraea,Leskeaceae Schimp.
Leskea,Leskeaceae Schimp.
Leskeella,Leskeaceae Schimp.
Lespedeza,Fabaceae Lindl.
Lesquerella,Brassicaceae Burnett
Lessertia,Fabaceae Lindl.
Lessingia,Asteraceae Bercht. & J. Presl
Letharia,Parmeliaceae F. Berchtold & J. Presl
Lethariicola,Odontotremataceae D. Hawksw. & Sherwood
Letrouitia,Letrouitiaceae Hafellner & Bellem.
Lettauia,Fuscideaceae Hafellner
Leucacantha,Asteraceae Bercht. & J. Presl
Leucadendron,Proteaceae Juss.
Leucaena,Fabaceae Lindl.
Leucampyx,Asteraceae Bercht. & J. Presl
Leucantha,Asteraceae Bercht. & J. Presl
Leucanthemella,Asteraceae Bercht. & J. Presl
Leucanthemum,Asteraceae Bercht. & J. Presl
Leucas,Lamiaceae Martinov
Leucelene,Asteraceae Bercht. & J. Presl
Leuciva,Asteraceae Bercht. & J. Presl
Leucobryum,Leucobryaceae Schimp.
Leucococcus,Urticaceae Juss.
Leucocoma,Cyperaceae Juss.
Leucocraspedum,Gentianaceae Juss.
Leucocrinum,Liliaceae Juss.
Leucodon,Leucodontaceae Schimp.
Leucodontopsis,Pterobryaceae Kindb.
Leucojum,Liliaceae Juss.
Leucolejeunea,Lejeuneaceae Rostovzev
Leucolepis,Mniaceae Schwägr.
Leucophyllum,Scrophulariaceae Juss.
Leucophysalis,Solanaceae Juss.
Leucopoa,Poaceae Barnhart
Leucopogon,Epacridaceae R. Br.
Leucopsidium,Asteraceae Bercht. & J. Presl
Leucopterum,Fabaceae Lindl.
Leucospermum,Proteaceae Juss.
Leucospora,Scrophulariaceae Juss.
Leucosyris,Asteraceae Bercht. & J. Presl
Leucothoe,Ericaceae Juss.
Leucothrinax,Arecaceae Bercht. & J. Presl
Levisticum,Apiaceae Lindl.
Lewisia,Portulacaceae Dumort.
Leycesteria,Caprifoliaceae Juss.
Leymus,Poaceae Barnhart
Liatris,Asteraceae Bercht. & J. Presl
Libertia,Iridaceae Juss.
Libidibia,Fabaceae Lindl.
Libocedrus,Cupressaceae Gray
Licania,Chrysobalanaceae R. Br.
Licaria,Lauraceae Juss.
Lichenochora,Phyllachoraceae Theiss. & P. Syd.
Lichenoconium,Uncertain Ascomycota Family
Lichenodiplis,Uncertain Ascomycota Family
Lichenosticta,Uncertain Ascomycota Family
Lichenostigma,Lichenotheliaceae Henssen
Lichenothelia,Lichenotheliaceae Henssen
Lichenothrix,Pyrenotrichaceae Zahlbr.
Lichina,Lichinaceae Nyl.
Lichinella,Lichinaceae Nyl.
Lichinodium,Lichinaceae Nyl.
Lidbeckia,Asteraceae Bercht. & J. Presl
Lidia,Caryophyllaceae Juss.
Ligularia,Asteraceae Bercht. & J. Presl
Ligusticum,Apiaceae Lindl.
Ligustrum,Oleaceae Hoffmanns. & Link
Lilaea,Juncaginaceae Rich.
Lilaeopsis,Apiaceae Lindl.
Liliorhiza,Liliaceae Juss.
Lilium,Liliaceae Juss.
Limbella,Amblystegiaceae Kindb.
Limnalsine,Portulacaceae Dumort.
Limnanthemum,Menyanthaceae Dumort.
Limnanthes,Limnanthaceae R. Br.
Limnia,Portulacaceae Dumort.
Limnobium,Hydrocharitaceae Juss.
Limnobotrya,Grossulariaceae DC.
Limnocharis,Limnocharitaceae Takht. ex Cronquist
Limnodea,Poaceae Barnhart
Limnophila,Scrophulariaceae Juss.
Limnorchis,Orchidaceae Juss.
Limnosciadium,Apiaceae Lindl.
Limodorum,Orchidaceae Juss.
Limonia,Rutaceae Juss.
Limonium,Plumbaginaceae Juss.
Limosella,Scrophulariaceae Juss.
Limprichtia,Amblystegiaceae Kindb.
Linanthastrum,Polemoniaceae Juss.
Linanthus,Polemoniaceae Juss.
Linaria,Scrophulariaceae Juss.
Lindbergia,Leskeaceae Schimp.
Lindelofia,Boraginaceae Juss.
Lindera,Lauraceae Juss.
Lindernia,Scrophulariaceae Juss.
Lindheimera,Asteraceae Bercht. & J. Presl
Lindsaea,Dennstaedtiaceae Lotsy
Linnaea,Caprifoliaceae Juss.
Linociera,Oleaceae Hoffmanns. & Link
Linospadix,Arecaceae Bercht. & J. Presl
Linosyris,Asteraceae Bercht. & J. Presl
Linum,Linaceae DC. ex Perleb
Liparis,Orchidaceae Juss.
Lipocarpha,Cyperaceae Juss.
Lipochaeta,Asteraceae Bercht. & J. Presl
Lippia,Verbenaceae J. St.-Hil.
Liquidambar,Myricaceae Rich. ex Kunth
Liriodendron,Magnoliaceae Juss.
Liriope,Liliaceae Juss.
Lisianthius,Gentianaceae Juss.
Lisianthus,Gentianaceae Juss.
Listera,Orchidaceae Juss.
Listia,Fabaceae Lindl.
Litchi,Sapindaceae Juss.
Lithachne,Poaceae Barnhart
Lithocarpus,Fagaceae Dumort.
Lithococca,Boraginaceae Juss.
Lithographa,Rimulariaceae Hafellner
Lithophila,Amaranthaceae Martinov
Lithophragma,Saxifragaceae Juss.
Lithospermum,Boraginaceae Juss.
Lithothelium,Pyrenulaceae Rabenh.
Lithrea,Anacardiaceae R. Br.
Litrisa,Asteraceae Bercht. & J. Presl
Litsea,Lauraceae Juss.
Littorella,Plantaginaceae Juss.
Livistona,Arecaceae Bercht. & J. Presl
Llimoniella,Leotiaceae Corda
Lloydia,Liliaceae Juss.
Lobaria,Lobariaceae Chevall.
Lobelia,Campanulaceae Juss.
Lobivia,Cactaceae Juss.
Lobothallia,Hymeneliaceae Körb.
Lobraia,Lobariaceae Chevall.
Lobularia,Brassicaceae Burnett
Lochnera,Apocynaceae Juss.
Lodoicea,Arecaceae Bercht. & J. Presl
Loeflingia,Caryophyllaceae Juss.
Loeselia,Polemoniaceae Juss.
Loeseliastrum,Polemoniaceae Juss.
Loeseneriella,Hippocrateaceae Juss.
Loeskeobryum,Hylocomiaceae M. Fleisch.
Loeskypnum,Amblystegiaceae Kindb.
Logfia,Asteraceae Bercht. & J. Presl
Loiseleuria,Ericaceae Juss.
Loliolum,Poaceae Barnhart
Lolium,Poaceae
Lomagramma,Dryopteridaceae Herter
Lomaria,Blechnaceae Newman
Lomariopsis,Blechnaceae Newman
Lomatium,Apiaceae Lindl.
Lomatogonium,Gentianaceae Juss.
Lonchitis,Dennstaedtiaceae Lotsy
Lonchocarpus,Fabaceae Lindl.
Lonicera,Caprifoliaceae Juss.
Lopadiopsis,Thelotremataceae Stizenb.
Lopadium,Bacidiaceae Walt. Watson
Lopezaria,Uncertain Ascomycota Family
Lopezia,Onagraceae Juss.
Lophatherum,Poaceae Barnhart
Lophiaris,Orchidaceae Juss.
Lophidium,Schizaeaceae Kaulf.
Lophiola,Liliaceae Juss.
Lophocereus,Cactaceae Juss.
Lophochlaena,Poaceae Barnhart
Lophochloa,Poaceae Barnhart
Lophocolea,Geocalycaceae H. Klinggr.
Lopholejeunea,Lejeuneaceae Rostovzev
Lophophora,Cactaceae Juss.
Lophopyrum,Poaceae Barnhart
Lophopyxis,Celastraceae R. Br.
Lophosoria,Lophosoriaceae Pic. Serm.
Lophospermum,Scrophulariaceae Juss.
Lophostemon,Myrtaceae Juss.
Lophotocarpus,Alismataceae Vent.
Lophozia,Jungermanniaceae Rchb.
Lorandersonia,Asteraceae Bercht. & J. Presl
Loranthus,Viscaceae Batsch
Lorentziella,Gigaspermaceae A. Jaeger & Sauerb.
Lorinseria,Blechnaceae Newman
Lotononis,Fabaceae Lindl.
Lotus,Fabaceae Lindl.
Loudetia,Poaceae Barnhart
Louiseania,Rosaceae Juss.
Lourea,Fabaceae Lindl.
Lowellia,Asteraceae Bercht. & J. Presl
Loxospora,Haematommataceae Hafellner
Loxosporopsis,Uncertain Ascomycota Family
Luculia,Rubiaceae Juss.
Lucuma,Sapotaceae Juss.
Lucya,Rubiaceae Juss.
Ludolfia,Poaceae Barnhart
Ludwigia,Lythraceae J. St.-Hil.
Ludwigiantha,Onagraceae Juss.
Luehea,Tiliaceae Juss.
Luetkea,Rosaceae Juss.
Luffa,Cucurbitaceae Juss.
Luina,Asteraceae Bercht. & J. Presl
Luisierella,Pottiaceae Hampe
Luma,Myrtaceae Juss.
Lumnitzera,Combretaceae R. Br.
Lunania,Flacourtiaceae Rich. ex DC.
Lunaria,Brassicaceae Burnett
Lunularia,Lunulariaceae H. Klinggr.
Lupinaster,Fabaceae Lindl.
Lupinus,Fabaceae
Luteidiscus,Asteraceae Bercht. & J. Presl
Luziola,Poaceae Barnhart
Luzula,Juncaceae Juss.
Lycaste,Orchidaceae Juss.
Lychnis,Caryophyllaceae Juss.
Lycianthes,Solanaceae Juss.
Lycium,Solanaceae Juss.
Lycopersicon,Solanaceae Juss.
Lycopodiella,Lycopodiaceae P. Beauv. ex Mirb.
Lycopodium,Lycopodiaceae P. Beauv. ex Mirb.
Lycopsis,Boraginaceae Juss.
Lycopus,Lamiaceae Martinov
Lycoris,Liliaceae Juss.
Lycurus,Poaceae Barnhart
Lyellia,Polytrichaceae Schwägr.
Lygeum,Poaceae Barnhart
Lygodesmia,Asteraceae Bercht. & J. Presl
Lygodium,Lygodiaceae M. Roem.
Lyonia,Asclepiadaceae Borkh.
Lyonothamnus,Rosaceae Juss.
Lyrocarpa,Brassicaceae Burnett
Lysias,Orchidaceae Juss.
Lysichiton,Araceae Juss.
Lysiella,Orchidaceae Juss.
Lysiloma,Fabaceae Lindl.
Lysimachia,Scrophulariaceae Juss.
Lysimachiopsis,Primulaceae Batsch
Lysiphyllum,Fabaceae Lindl.
Lythrum,Lythraceae J. St.-Hil.
Maackia,Fabaceae Lindl.
Maba,Ebenaceae Gürke
Mabrya,Scrophulariaceae Juss.
Macadamia,Proteaceae Juss.
Macaranga,Euphorbiaceae Juss.
Macbridea,Lamiaceae Martinov
Macdougalia,Asteraceae Bercht. & J. Presl
Macfadyena,Bignoniaceae Juss.
Machaeranthera,Asteraceae
Machaerina,Cyperaceae Juss.
Machaerium,Fabaceae Lindl.
Machaerocarpus,Alismataceae Vent.
Machaonia,Rubiaceae Juss.
Macleaya,Papaveraceae Juss.
Maclura,Moraceae
Macounastrum,Polygonaceae Juss.
Macradenia,Orchidaceae Juss.
Macranthera,Scrophulariaceae Juss.
Macrocnemum,Rubiaceae Juss.
Macrocoma,Orthotrichaceae Arn.
Macromeria,Boraginaceae Juss.
Macromitrium,Orthotrichaceae Arn.
Macronema,Asteraceae Bercht. & J. Presl
Macroptilium,Fabaceae Lindl.
Macrorhynchus,Asteraceae Bercht. & J. Presl
Macroscapa,Liliaceae Juss.
Macrosiphonia,Apocynaceae Juss.
Macrothelypteris,Thelypteridaceae Ching ex Pic. Serm.
Macrotyloma,Fabaceae Lindl.
Macrozamia,Zamiaceae Horan.
Macuillamia,Scrophulariaceae Juss.
Madhuca,Sapotaceae Juss.
Madia,Asteraceae Bercht. & J. Presl
Maerua,Capparaceae Juss.
Maesa,Myrsinaceae R. Br.
Maesopsis,Rhamnaceae Juss.
Magnolia,Magnoliaceae Juss.
Mahonia,Berberidaceae
Maianthemum,Liliaceae Juss.
Maieta,Melastomataceae Juss.
Mairania,Ericaceae Juss.
Maireana,Chenopodiaceae Vent.
Majorana,Lamiaceae Martinov
Malache,Malvaceae Juss.
Malachium,Caryophyllaceae Juss.
Malachodendron,Theaceae Mirb.
Malachra,Malvaceae Juss.
Malacomeles,Rosaceae Juss.
Malacothamnus,Malvaceae Juss.
Malacothrix,Asteraceae Bercht. & J. Presl
Malaxis,Orchidaceae Juss.
Malcolmia,Brassicaceae Burnett
Malephora,Aizoaceae Martinov
Mallotonia,Boraginaceae Juss.
Mallotus,Euphorbiaceae Juss.
Malosma,Anacardiaceae R. Br.
Malperia,Asteraceae Bercht. & J. Presl
Malpighia,Malpighiaceae Juss.
Maltea,Poaceae Barnhart
Malus,Rosaceae Juss.
Malva,Malvaceae Juss.
Malvastrum,Malvaceae Juss.
Malvaviscus,Malvaceae Juss.
Malvella,Malvaceae Juss.
Mammea,Clusiaceae Lindl.
Mammillaria,Cactaceae Juss.
Mancoa,Brassicaceae Burnett
Mandevilla,Apocynaceae Juss.
Mandragora,Solanaceae Juss.
Manfreda,Agavaceae Dumort.
Mangifera,Anacardiaceae R. Br.
Manihot,Euphorbiaceae Juss.
Manilkara,Sapotaceae Juss.
Manisuris,Poaceae Barnhart
Mannia,Aytoniaceae Cavers
Mansoa,Bignoniaceae Juss.
Mantisalca,Asteraceae Bercht. & J. Presl
Maoutia,Urticaceae Juss.
Mapania,Cyperaceae Juss.
Mappia,Lamiaceae Martinov
Marah,Cucurbitaceae Juss.
Maranta,Marantaceae R. Br.
Maranthes,Chrysobalanaceae R. Br.
Marantochloa,Marantaceae R. Br.
Marattia,Marattiaceae Kaulf.
Marcgravia,Marcgraviaceae Bercht. & J. Presl
Marchandiomyces,Uncertain Basidiomycota Family
Marchantia,Marchantiaceae Lindl.
Margaranthus,Solanaceae Juss.
Margaritaria,Euphorbiaceae Juss.
Marginaria,Polypodiaceae J. Presl & C. Presl
Mariana,Asteraceae Bercht. & J. Presl
Marilaunidium,Hydrophyllaceae R. Br.
Marina,Fabaceae Lindl.
Mariosousa,Fabaceae Lindl.
Mariposa,Liliaceae Juss.
Mariscus,Cyperaceae Juss.
Markhamia,Bignoniaceae Juss.
Marlierea,Myrtaceae Juss.
Maronea,Gyalectaceae Stizenb.
Marrubium,Lamiaceae Martinov
Marsdenia,Asclepiadaceae Borkh.
Marshallia,Asteraceae Bercht. & J. Presl
Marsilea,Marsileaceae Mirb.
Marsupella,Gymnomitriaceae H. Klinggr.
Marsypianthes,Lamiaceae Martinov
Martiusia,Fabaceae Lindl.
Martynia,Pedaliaceae R. Br.
Maruta,Asteraceae Bercht. & J. Presl
Mascagnia,Malpighiaceae Juss.
Masdevallia,Orchidaceae Juss.
Masonhalea,Parmeliaceae F. Berchtold & J. Presl
Massalongia,Peltigeraceae Dumort.
Mastichodendron,Sapotaceae Juss.
Mastigolejeunea,Lejeuneaceae Rostovzev
Mastigophora,Mastigophoraceae R.M. Schust.
Mastodia,Mastodiaceae Zahlbr.
Matayba,Sapindaceae Juss.
Matelea,Apocynaceae
Matricaria,Asteraceae Bercht. & J. Presl
Matteuccia,Dryopteridaceae Herter
Matthiola,Rubiaceae Juss.
Maurandella,Scrophulariaceae Juss.
Maurandya,Scrophulariaceae Juss.
Mauritia,Arecaceae Bercht. & J. Presl
Maxia,Portulacaceae Dumort.
Maxillaria,Orchidaceae Juss.
Maxonia,Dryopteridaceae Herter
Mayaca,Mayacaceae Kunth
Mayepea,Oleaceae Hoffmanns. & Link
Maytenus,Celastraceae R. Br.
Mazosia,Roccellaceae Chevall.
Mazus,Scrophulariaceae Juss.
Mecardonia,Scrophulariaceae Juss.
Mecodium,Hymenophyllaceae Mart.
Meconella,Papaveraceae Juss.
Mecranium,Melastomataceae Juss.
Medeola,Liliaceae Juss.
Medicago,Fabaceae Lindl.
Medinilla,Melastomataceae Juss.
Medusanthera,Icacinaceae Miers
Medusulina,Graphidaceae Dumort.
Meehania,Lamiaceae Martinov
Meesia,Meesiaceae Schimp.
Megaceros,Dendrocerotaceae J. Haseg.
Megalaria,Lecanoraceae Körb.
Megalastrum,Dryopteridaceae Herter
Megalodonta,Asteraceae Bercht. & J. Presl
Megalospora,Uncertain Ascomycota Family
Megapterium,Onagraceae Juss.
Megaskepasma,Acanthaceae Juss.
Megaspora,Hymeneliaceae Körb.
Megastachya,Poaceae Barnhart
Megathyrsus,Poaceae Barnhart
Meibomia,Fabaceae Lindl.
Meiotheciopsis,Sematophyllaceae Broth.
Meiothecium,Sematophyllaceae Broth.
Melaleuca,Myrtaceae Juss.
Melampodium,Asteraceae Bercht. & J. Presl
Melampyrum,Scrophulariaceae Juss.
Melanaria,Pertusariaceae Körb.
Melandrium,Caryophyllaceae Juss.
Melanelia,Parmeliaceae F. Berchtold & J. Presl
Melanidion,Brassicaceae Burnett
Melanolecia,Porpidiaceae Hertel & Hafellner
Melanolepis,Euphorbiaceae Juss.
Melanomma,Melanommataceae G. Winter
Melanorrhoea,Anacardiaceae R. Br.
Melanotheca,Pyrenulaceae Rabenh.
Melanthera,Asteraceae Bercht. & J. Presl
Melanthium,Liliaceae Juss.
Melasma,Scrophulariaceae Juss.
Melaspilea,Melaspileaceae Walt. Watson
Melastoma,Melastomataceae Juss.
Melia,Meliaceae Juss.
Melianthus,Melianthaceae
Melica,Poaceae Barnhart
Melicocca,Sapindaceae Juss.
Melicoccus,Sapindaceae Juss.
Melicope,Rutaceae Juss.
Melicytus,Violaceae Batsch
Melilotus,Fabaceae Lindl.
Melinis,Poaceae Barnhart
Meliosma,Sabiaceae Blume
Melissa,Lamiaceae Martinov
Mellichampia,Asclepiadaceae Borkh.
Melocactus,Cactaceae Juss.
Melochia,Malvaceae Juss.
Melodinus,Apocynaceae Juss.
Melolobium,Fabaceae Lindl.
Melothria,Cucurbitaceae Juss.
Melpomense,Grammitidaceae Newman
Menegazzia,Parmeliaceae F. Berchtold & J. Presl
Menendezia,Melastomataceae Juss.
Meniscium,Thelypteridaceae Ching ex Pic. Serm.
Menispermum,Menispermaceae Juss.
Menodora,Oleaceae Hoffmanns. & Link
Mentha,Lamiaceae Martinov
Mentzelia,Loasaceae Juss.
Menyanthes,Menyanthaceae Dumort.
Menziesia,Ericaceae Juss.
Merceya,Pottiaceae Hampe
Merckia,Caryophyllaceae Juss.
Mercurialis,Euphorbiaceae Juss.
Meriolix,Onagraceae Juss.
Merismatium,Verrucariaceae Eschw.
Merremia,Convolvulaceae Juss.
Merrilliodendron,Icacinaceae Miers
Mertensia,Boraginaceae Juss.
Merxmuellera,Poaceae Barnhart
Meryta,Araliaceae Juss.
Mesadenia,Asteraceae Bercht. & J. Presl
Mesadenus,Orchidaceae Juss.
Mesechites,Apocynaceae Juss.
Mesembryanthemum,Aizoaceae Martinov
Mesoptychia,Mesoptychiaceae Inoue & Steere
Mesosphaerum,Lamiaceae Martinov
Mespilus,Rosaceae Juss.
Messerschmidia,Boraginaceae Juss.
Mesyniopsis,Linaceae DC. ex Perleb
Mesynium,Linaceae DC. ex Perleb
Metalepis,Asclepiadaceae Borkh.
Metamelaena,Lichinaceae Nyl.
Metaneckera,Neckeraceae Schimp.
Metaplexis,Asclepiadaceae Borkh.
Metasequoia,Cupressaceae Gray
Metastelma,Asclepiadaceae Borkh.
Meteoriopsis,Meteoriaceae Kindb.
Metopium,Anacardiaceae R. Br.
Metrosideros,Myrtaceae Juss.
Metroxylon,Arecaceae Bercht. & J. Presl
Metzgeria,Metzgeriaceae H. Klinggr.
Meximalva,Malvaceae Juss.
Meyenia,Acanthaceae Juss.
Mezonevron,Fabaceae Lindl.
Mibora,Poaceae Barnhart
Micarea,Lecideaceae Chevall.
Michelia,Magnoliaceae Juss.
Micheliella,Lamiaceae Martinov
Miconia,Melastomataceae Juss.
Micrampelis,Cucurbitaceae Juss.
Micrandra,Euphorbiaceae Juss.
Micranthemum,Scrophulariaceae Juss.
Micranthes,Saxifragaceae Juss.
Microcala,Gentianaceae Juss.
Microcalicium,Microcaliciaceae Tibell
Microchilus,Orchidaceae Juss.
Microchloa,Poaceae Barnhart
Microcitrus,Rutaceae Juss.
Microglaena,Protothelenellaceae
Microgramma,Polypodiaceae J. Presl & C. Presl
Microlaena,Poaceae Barnhart
Microlepia,Dennstaedtiaceae Lotsy
Microlychnus,Asterothyriaceae Walt. Watson
Micromelum,Rutaceae Juss.
Micromeria,Lamiaceae Martinov
Micromitrium,Ephemeraceae J.W. Griff. & Henfr.
Micropera,Orchidaceae Juss.
Microphacos,Fabaceae Lindl.
Micropholis,Sapotaceae Juss.
Micropiper,Piperaceae Giseke
Micropolypodium,Grammitidaceae Newman
Micropsis,Asteraceae Bercht. & J. Presl
Micropteryx,Fabaceae Lindl.
Micropus,Asteraceae Bercht. & J. Presl
Micropyrum,Poaceae Barnhart
Micropyxis,Primulaceae Batsch
Microrhamnus,Rhamnaceae Juss.
Microschizaea,Schizaeaceae Kaulf.
Microseris,Asteraceae Bercht. & J. Presl
Microsorum,Polypodiaceae J. Presl & C. Presl
Microstachys,Euphorbiaceae Juss.
Microstegium,Poaceae Barnhart
Microsteris,Polemoniaceae Juss.
Microstylis,Orchidaceae Juss.
Microtea,Chenopodiaceae Vent.
Microthelia,Arthopyreniaceae Walt. Watson
Microthelys,Orchidaceae Juss.
Microthlaspi,Brassicaceae Burnett
Mielichhoferia,Bryaceae Rchb.
Mikania,Asteraceae Bercht. & J. Presl
Milium,Poaceae Barnhart
Milla,Liliaceae Juss.
Millegrana,Linaceae DC. ex Perleb
Millettia,Fabaceae Lindl.
Miltitzia,Hydrophyllaceae R. Br.
Miltonia,Orchidaceae Juss.
Mimetanthe,Scrophulariaceae Juss.
Mimosa,Fabaceae Lindl.
Mimosopsis,Fabaceae Lindl.
Mimulus,Scrophulariaceae Juss.
Mimusops,Sapotaceae Juss.
Minuartia,Caryophyllaceae Juss.
Minuopsis,Caryophyllaceae Juss.
Minutoexcipula,Uncertain Ascomycota Family
Mirabilis,Nyctaginaceae Juss.
Mirasolia,Asteraceae Bercht. & J. Presl
Miriquidica,Lecanoraceae Körb.
Misanteca,Lauraceae Juss.
Miscanthidium,Poaceae Barnhart
Miscanthus,Poaceae Barnhart
Misodendrum,Santalaceae R. Br.
Misopates,Scrophulariaceae Juss.
Mitchella,Rubiaceae Juss.
Mitella,Saxifragaceae Juss.
Mitellastra,Saxifragaceae Juss.
Mitracarpus,Rubiaceae Juss.
Mitrasacme,Loganiaceae R. Br. ex Mart.
Mitreola,Loganiaceae R. Br. ex Mart.
Mittenothamnium,Hylocomiaceae M. Fleisch.
Mnesithea,Poaceae Barnhart
Mniobryum,Bryaceae Rchb.
Mnium,Mniaceae Schwägr.
Mobergia,Physciaceae Zahlbr.
Modiola,Malvaceae Juss.
Moehringia,Caryophyllaceae Juss.
Moenchia,Caryophyllaceae Juss.
Moenkemeyera,Fissidentaceae Schimp.
Moerckia,Pallaviciniaceae Mig.
Moerenhoutia,Orchidaceae Juss.
Moghania,Fabaceae Lindl.
Mohavea,Scrophulariaceae Juss.
Moldavica,Lamiaceae Martinov
Molendoa,Pottiaceae Hampe
Molina,Asteraceae Bercht. & J. Presl
Molineria,Liliaceae Juss.
Molinia,Poaceae Barnhart
Mollugo,Caryophyllaceae Juss.
Moluccella,Lamiaceae Martinov
Momisia,Ulmaceae Mirb.
Momordica,Cucurbitaceae Juss.
Monanthochloe,Poaceae Barnhart
Monarda,Lamiaceae Martinov
Monardella,Lamiaceae Martinov
Monechma,Acanthaceae Juss.
Monerma,Poaceae Barnhart
Moneses,Pyrolaceae Lindl.
Monilistus,Salicaceae Mirb.
Monnina,Polygalaceae Hoffmanns. & Link
Monoblastia,Monoblastiaceae Walt. Watson
Monochoria,Pontederiaceae Kunth
Monodora,Annonaceae Juss.
Monolepis,Chenopodiaceae Vent.
Monolopia,Asteraceae Bercht. & J. Presl
Monoptilon,Asteraceae Bercht. & J. Presl
Monotropa,Monotropaceae Nutt.
Monotropsis,Monotropaceae Nutt.
Monroa,Poaceae Barnhart
Monstera,Araceae Juss.
Montagnaea,Asteraceae Bercht. & J. Presl
Montanoa,Asteraceae Bercht. & J. Presl
Montezuma,Malvaceae Juss.
Montia,Portulacaceae Dumort.
Montiastrum,Portulacaceae Dumort.
Montrichardia,Araceae Juss.
Moraea,Iridaceae Juss.
Morella,Myricaceae Rich. ex Kunth
Morelotia,Cyperaceae Juss.
Moricandia,Brassicaceae Burnett
Morinda,Rubiaceae Juss.
Moringa,Moringaceae Martinov
Morisonia,Capparaceae Juss.
Morocarpus,Chenopodiaceae Vent.
Morongia,Fabaceae Lindl.
Morrenia,Asclepiadaceae Borkh.
Mortonia,Celastraceae R. Br.
Morus,Moraceae
Mosiera,Myrtaceae Juss.
Mosigia,Rimulariaceae Hafellner
Mosla,Lamiaceae Martinov
Mouriri,Melastomataceae Juss.
Mozinna,Euphorbiaceae Juss.
Mucronea,Polygonaceae Juss.
Mucuna,Fabaceae Lindl.
Muehlenbeckia,Polygonaceae Juss.
Muellerella,Verrucariaceae Eschw.
Muhlenbergia,Poaceae Barnhart
Muilla,Liliaceae Juss.
Mulgedium,Asteraceae Bercht. & J. Presl
Multiclavula,Clavariaceae Chevall.
Mundtia,Polygalaceae Hoffmanns. & Link
Munroa,Poaceae Barnhart
Munroidendron,Araliaceae Juss.
Muntingia,Elaeocarpaceae Juss.
Munzothamnus,Asteraceae Bercht. & J. Presl
Murdannia,Commelinaceae Mirb.
Muricauda,Araceae Juss.
Murraya,Rutaceae Juss.
Musa,Musaceae Juss.
Muscadinia,Vitaceae Juss.
Muscari,Liliaceae Juss.
Muscaria,Saxifragaceae Juss.
Musineon,Apiaceae Lindl.
Musineum,Apiaceae Lindl.
Mussaenda,Rubiaceae Juss.
Myagrum,Brassicaceae Burnett
Mycelis,Asteraceae Bercht. & J. Presl
Mycetia,Rubiaceae Juss.
Mycobilimbia,Bacidiaceae Walt. Watson
Mycoblastus,Bacidiaceae Walt. Watson
Mycocalicium,Microcaliciaceae Tibell
Mycoglaena,Uncertain Ascomycota Family
Mycomicrothelia,Arthopyreniaceae Walt. Watson
Mycoporellum,Mycoporaceae Zahlbr.
Mycoporum,Mycoporaceae Zahlbr.
Myelochroa,Parmeliaceae F. Berchtold & J. Presl
Myginda,Celastraceae R. Br.
Mylia,Jungermanniaceae Rchb.
Myoporum,Myoporaceae R. Br.
Myosotidium,Boraginaceae Juss.
Myosotis,Boraginaceae Juss.
Myosoton,Caryophyllaceae Juss.
Myosurus,Ranunculaceae Juss.
Myrceugenia,Myrtaceae Juss.
Myrcia,Myrtaceae Juss.
Myrcianthes,Myrtaceae Juss.
Myrciaria,Myrtaceae Juss.
Myrica,Myricaceae Rich. ex Kunth
Myrinia,Brachytheciaceae Schimp.
Myrionora,Lecanoraceae Körb.
Myriophyllum,Haloragaceae R. Br.
Myriopus,Boraginaceae Juss.
Myriotrema,Thelotremataceae Stizenb.
Myristica,Myristicaceae R. Br.
Myrosma,Marantaceae R. Br.
Myrospermum,Fabaceae Lindl.
Myroxylon,Flacourtiaceae Rich. ex DC.
Myrrhis,Apiaceae Lindl.
Myrsine,Myrsinaceae R. Br.
Myrstiphyllum,Rubiaceae Juss.
Myrtella,Myrtaceae Juss.
Myrtus,Myrtaceae Juss.
Myurella,Amblystegiaceae Kindb.
Myuroclada,Brachytheciaceae Schimp.
Myxotrichum,Myxotrichaceae Locq. ex Currah
Myzorrhiza,Orobanchaceae Vent.
Nabalus,Asteraceae Bercht. & J. Presl
Nadvornikia,Thelotremataceae Stizenb.
Nageia,Podocarpaceae Endl.
Najas,Najadaceae Juss.
Nama,Hydrophyllaceae R. Br.
Nandina,Berberidaceae Juss.
Nanomitrium,Ephemeraceae J.W. Griff. & Henfr.
Nanostictis,Stictidaceae Fr.
Nanozostera,Zosteraceae Dumort.
Napaea,Malvaceae Juss.
Narcissus,Liliaceae Juss.
Nardia,Jungermanniaceae Rchb.
Nardosmia,Asteraceae Bercht. & J. Presl
Nardurus,Poaceae Barnhart
Nardus,Poaceae Barnhart
Narthecium,Liliaceae Juss.
Nashia,Verbenaceae J. St.-Hil.
Nassella,Poaceae Barnhart
Nasturtium,Brassicaceae Burnett
Naumburgia,Primulaceae Batsch
Navarretia,Polemoniaceae Juss.
Nazia,Poaceae Barnhart
Nechamandra,Hydrocharitaceae Juss.
Neckera,Neckeraceae Schimp.
Neckeradelphus,Neckeraceae Schimp.
Neckeropsis,Neckeraceae Schimp.
Nectandra,Lauraceae Juss.
Nectouxia,Solanaceae Juss.
Nectria,Hypocreaceae De Not.
Nectriella,Hypocreaceae De Not.
Neea,Nyctaginaceae Juss.
Neeragrostis,Poaceae Barnhart
Negundo,Aceraceae Juss.
Neisosperma,Apocynaceae Juss.
Nekemias,Vitaceae Juss.
Nelsonia,Acanthaceae Juss.
Neltuma,Fabaceae Lindl.
Nelumbium,Nelumbonaceae A. Rich.
Nelumbo,Nelumbonaceae A. Rich.
Nemacaulis,Polygonaceae Juss.
Nemacladus,Campanulaceae Juss.
Nemastylis,Iridaceae Juss.
Nemesia,Scrophulariaceae Juss.
Nemexia,Smilacaceae Vent.
Nemopanthus,Aquifoliaceae Bercht. & J. Presl
Nemophila,Hydrophyllaceae R. Br.
Neobeckia,Brassicaceae Burnett
Neobesseya,Cactaceae Juss.
Neocardotia,Pottiaceae Hampe
Neocleome,Capparaceae Juss.
Neocupressus,Cupressaceae Gray
Neoevansia,Cactaceae Juss.
Neofuscelia,Parmeliaceae F. Berchtold & J. Presl
Neogaerrhinum,Scrophulariaceae Juss.
Neoholmgrenia,Onagraceae Juss.
Neohyophila,Pottiaceae Hampe
Neokochia,Chenopodiaceae Vent.
Neolamarckia,Rubiaceae Juss.
Neolaugeria,Rubiaceae Juss.
Neolehmannia,Orchidaceae Juss.
Neolepia,Brassicaceae Burnett
Neolloydia,Cactaceae Juss.
Neololeba,Poaceae Barnhart
Neomacounia,Neckeraceae Schimp.
Neomammillaria,Cactaceae Juss.
Neomarica,Iridaceae Juss.
Neonauclea,Rubiaceae Juss.
Neonotonia,Fabaceae Lindl.
Neoparrya,Apiaceae Lindl.
Neopieris,Ericaceae Juss.
Neorudolphia,Fabaceae Lindl.
Neoschischkinia,Poaceae Barnhart
Neostapfia,Poaceae Barnhart
Neotorularia,Brassicaceae Burnett
Neottia,Orchidaceae Juss.
Neovriesia,Bromeliaceae Juss.
Neowashingtonia,Arecaceae Bercht. & J. Presl
Neowawraea,Euphorbiaceae Juss.
Nepenthes,Nepenthaceae Dumort.
Nepeta,Lamiaceae Martinov
Nephelea,Cyatheaceae Kaulf.
Nephelium,Sapindaceae Juss.
Nephrodium,Dryopteridaceae Herter
Nephrolepis,Dryopteridaceae Herter
Nephroma,Nephromataceae Wetmore ex J.C. David & D. Hawksw.
Nephropetalum,Sterculiaceae Vent.
Nephrophyllidium,Menyanthaceae Dumort.
Nepsera,Melastomataceae Juss.
Neptunia,Fabaceae Lindl.
Neraudia,Urticaceae Juss.
Nerine,Liliaceae Juss.
Nerisyrenia,Brassicaceae Burnett
Nerium,Asclepiadaceae Borkh.
Nertera,Rubiaceae Juss.
Nervilia,Orchidaceae Juss.
Nesaea,Lythraceae J. St.-Hil.
Neslia,Brassicaceae Burnett
Nesogenes,Verbenaceae J. St.-Hil.
Nesolechia,Cladoniaceae Zenker
Nesoluma,Sapotaceae Juss.
Nestegis,Oleaceae Hoffmanns. & Link
Nestotus,Asteraceae Bercht. & J. Presl
Nestronia,Santalaceae R. Br.
Neubeckia,Iridaceae Juss.
Neuburgia,Loganiaceae R. Br. ex Mart.
Neurachne,Poaceae Barnhart
Neuractis,Asteraceae Bercht. & J. Presl
Neurodium,Polypodiaceae J. Presl & C. Presl
Neurolaena,Asteraceae Bercht. & J. Presl
Neurolejeunea,Lejeuneaceae Rostovzev
Neuroloma,Brassicaceae Burnett
Neurophyllodes,Geraniaceae Juss.
Neuropogon,Parmeliaceae F. Berchtold & J. Presl
Neviusia,Rosaceae Juss.
Newberrya,Monotropaceae Nutt.
Neyraudia,Poaceae Barnhart
Nezera,Linaceae DC. ex Perleb
Nicandra,Solanaceae Juss.
Nicolaia,Zingiberaceae Martinov
Nicolletia,Asteraceae Bercht. & J. Presl
Nicoteba,Acanthaceae Juss.
Nicotiana,Solanaceae Juss.
Nidema,Orchidaceae Juss.
Niebla,Ramalinaceae C. Agardh
Nierembergia,Solanaceae Juss.
Nigella,Ranunculaceae Juss.
Nintooa,Caprifoliaceae Juss.
Niobe,Liliaceae Juss.
Niopa,Fabaceae Lindl.
Niphidium,Polypodiaceae J. Presl & C. Presl
Nipponanthemum,Asteraceae Bercht. & J. Presl
Nissolia,Fabaceae Lindl.
Nitrophila,Chenopodiaceae Vent.
Nocca,Asteraceae Bercht. & J. Presl
Noccaea,Brassicaceae Burnett
Nodobryoria,Parmeliaceae F. Berchtold & J. Presl
Nolina,Liliaceae Juss.
Nomaphila,Acanthaceae Juss.
Nonea,Boraginaceae Juss.
Nopalea,Cactaceae Juss.
Normandina,Uncertain Ascomycota Family
Noronhia,Oleaceae Hoffmanns. & Link
Norta,Brassicaceae Burnett
Nothocalais,Asteraceae Bercht. & J. Presl
Nothocestrum,Solanaceae Juss.
Nothochelone,Scrophulariaceae Juss.
Nothofagus,Betulaceae Gray
Nothoholcus,Poaceae Barnhart
Notholaena,Pteridaceae E.D.M. Kirchn.
Notholithocarpus,Fagaceae
Nothopanax,Araliaceae Juss.
Nothoperanema,Dryopteridaceae Herter
Nothoscordum,Liliaceae Juss.
Notocactus,Cactaceae Juss.
Notothylas,Notothyladaceae Müll. Frib. ex Prosk.
Nototrichium,Amaranthaceae Martinov
Novosieversia,Rosaceae Juss.
Nowellia,Cephaloziaceae Mig.
Nowodworkya,Poaceae Barnhart
Nummularia,Primulaceae Batsch
Nuphar,Nymphaeaceae Salisb.
Nuttallanthus,Scrophulariaceae Juss.
Nuttallia,Loasaceae Juss.
Nyachia,Caryophyllaceae Juss.
Nyctaginia,Nyctaginaceae Juss.
Nyctelea,Hydrophyllaceae R. Br.
Nyholmiella,Orthotrichaceae Arn.
Nylandtia,Polygalaceae Hoffmanns. & Link
Nymphaea,Nelumbonaceae A. Rich.
Nymphoides,Menyanthaceae Dumort.
Nymphozanthus,Nymphaeaceae Salisb.
Nypa,Arecaceae Bercht. & J. Presl
Nyssa,Cornaceae Bercht. & J. Presl
Oakesiella,Liliaceae Juss.
Oberna,Caryophyllaceae Juss.
Oberonia,Orchidaceae Juss.
Obione,Chenopodiaceae Vent.
Obolaria,Gentianaceae Juss.
Oceanorus,Liliaceae Juss.
Ocellularia,Thelotremataceae Stizenb.
Ochna,Ochnaceae DC.
Ochrocodon,Liliaceae Juss.
Ochrolechia,Pertusariaceae Körb.
Ochroma,Bombacaceae Kunth
Ochrosia,Apocynaceae Juss.
Ochthochloa,Poaceae Barnhart
Ocimum,Lamiaceae Martinov
Oclemena,Asteraceae Bercht. & J. Presl
Ocotea,Lauraceae Juss.
Octadesmia,Orchidaceae Juss.
Octoblepharum,Leucobryaceae Schimp.
Odontites,Scrophulariaceae Juss.
Odontoglossum,Orchidaceae Juss.
Odontonema,Acanthaceae Juss.
Odontonychia,Caryophyllaceae Juss.
Odontoschisma,Cephaloziaceae Mig.
Odontosoria,Dennstaedtiaceae Lotsy
Odontostephana,Asclepiadaceae Borkh.
Odontostomum,Liliaceae Juss.
Odontotrichum,Asteraceae Bercht. & J. Presl
Odostemon,Berberidaceae Juss.
Oeceoclades,Orchidaceae Juss.
Oedera,Asteraceae Bercht. & J. Presl
Oedipodium,Oedipodiaceae Schimp.
Oemleria,Rosaceae Juss.
Oenanthe,Apiaceae Lindl.
Oenothera,Onagraceae Juss.
Oglifa,Asteraceae Bercht. & J. Presl
Okenia,Nyctaginaceae Juss.
Olax,Olacaceae R. Br.
Oldenlandia,Rubiaceae Juss.
Oldenlandiopsis,Rubiaceae Juss.
Olea,Oleaceae Hoffmanns. & Link
Oleandra,Dryopteridaceae Herter
Olearia,Asteraceae Bercht. & J. Presl
Olfersia,Dryopteridaceae Herter
Oligomeris,Resedaceae Martinov
Oligoneuron,Asteraceae Bercht. & J. Presl
Oligosporus,Asteraceae Bercht. & J. Presl
Oligotrichum,Polytrichaceae Schwägr.
Olneya,Fabaceae Lindl.
Olsynium,Iridaceae Juss.
Olyra,Poaceae Barnhart
Omalotheca,Asteraceae Bercht. & J. Presl
Omphalaria,Lichinaceae Nyl.
Omphalina,Tricholomataceae R. Heim ex Pouzar
Omphalodes,Boraginaceae Juss.
Omphalodiscus,Umbilicariaceae Chevall.
Omphalodium,Lecanoraceae Körb.
Omphalora,Lecanoraceae Körb.
Oncidium,Orchidaceae Juss.
Oncoba,Flacourtiaceae Rich. ex DC.
Oncophorus,Dicranaceae Schimp.
Oncosiphon,Asteraceae Bercht. & J. Presl
Oncostema,Liliaceae Juss.
Oncostylis,Cyperaceae Juss.
Ongokea,Olacaceae R. Br.
Onobrychis,Fabaceae Lindl.
Onoclea,Dryopteridaceae Herter
Ononis,Fabaceae Lindl.
Onopordum,Asteraceae Bercht. & J. Presl
Onosma,Boraginaceae Juss.
Onosmodium,Boraginaceae Juss.
Onychium,Pteridaceae E.D.M. Kirchn.
Oonopsis,Asteraceae Bercht. & J. Presl
Opegrapha,Opegraphaceae Stizenb.
Operculina,Convolvulaceae Juss.
Opgraphoidea,Opegraphaceae Stizenb.
Ophioderma,Ophioglossaceae Martinov
Ophioglossum,Ophioglossaceae Martinov
Ophioparma,Ophioparmaceae R.W. Rogers & Hafellner
Ophiopogon,Liliaceae Juss.
Ophiorrhiza,Rubiaceae Juss.
Ophiuros,Poaceae Barnhart
Ophrys,Orchidaceae Juss.
Opizia,Poaceae Barnhart
Oplismenus,Poaceae Barnhart
Oplonia,Acanthaceae Juss.
Oplopanax,Araliaceae Juss.
Oplotheca,Amaranthaceae Martinov
Opulaster,Rosaceae Juss.
Opuntia,Cactaceae Juss.
Orbea,Asclepiadaceae Borkh.
Orbexilum,Fabaceae Lindl.
Orbignya,Arecaceae Bercht. & J. Presl
Orchidocarpum,Annonaceae Juss.
Orchis,Orchidaceae Juss.
Orcuttia,Poaceae Barnhart
Oreas,Dicranaceae Schimp.
Oreastrum,Asteraceae Bercht. & J. Presl
Oreobatus,Rosaceae Juss.
Oreobolus,Cyperaceae Juss.
Oreobroma,Portulacaceae Dumort.
Oreocarya,Boraginaceae Juss.
Oreochrysum,Asteraceae Bercht. & J. Presl
Oreogrammitis,Grammitidaceae Newman
Oreolirion,Iridaceae Juss.
Oreonana,Apiaceae Lindl.
Oreopteris,Thelypteridaceae Ching ex Pic. Serm.
Oreosedum,Crassulaceae J. St.-Hil.
Oreostemma,Asteraceae Bercht. & J. Presl
Oreoxis,Apiaceae Lindl.
Origanum,Lamiaceae Martinov
Ormenis,Asteraceae Bercht. & J. Presl
Ormocarpum,Fabaceae Lindl.
Ormosia,Fabaceae Lindl.
Ornithidium,Orchidaceae Juss.
Ornithogalum,Liliaceae Juss.
Ornithopus,Fabaceae Lindl.
Ornithostaphylos,Ericaceae Juss.
Orobanche,Orobanchaceae Vent.
Orobus,Fabaceae Lindl.
Orochaenactis,Asteraceae Bercht. & J. Presl
Orogenia,Apiaceae Lindl.
Orontium,Araceae Juss.
Orophaca,Fabaceae Lindl.
Orphniospora,Fuscideaceae Hafellner
Orthilia,Pyrolaceae Lindl.
Orthiopteris,Dennstaedtiaceae Lotsy
Orthocarpus,Scrophulariaceae Juss.
Orthochilus,Orchidaceae Juss.
Orthodicranum,Dicranaceae Schimp.
Orthodon,Lamiaceae Martinov
Orthodontium,Bryaceae Rchb.
Orthopappus,Asteraceae Bercht. & J. Presl
Orthosiphon,Lamiaceae Martinov
Orthothecium,Hypnaceae Schimp.
Orthotrichum,Orthotrichaceae Arn.
Oryctes,Solanaceae Juss.
Oryza,Poaceae Barnhart
Oryzopsis,Poaceae Barnhart
Osmadenia,Asteraceae Bercht. & J. Presl
Osmanthus,Oleaceae Hoffmanns. & Link
Osmaronia,Rosaceae Juss.
Osmia,Asteraceae Bercht. & J. Presl
Osmorhiza,Apiaceae Lindl.
Osmoxylon,Araliaceae Juss.
Osmunda,Anemiaceae Link
Osmundastrum,Osmundaceae Martinov
Ossaea,Melastomataceae Juss.
Osteomeles,Rosaceae Juss.
Osteospermum,Asteraceae Bercht. & J. Presl
Ostrya,Betulaceae Gray
Othake,Asteraceae Bercht. & J. Presl
Othocallis,Liliaceae Juss.
Otholobium,Fabaceae Lindl.
Otophylla,Scrophulariaceae Juss.
Ottelia,Hydrocharitaceae Juss.
Ottochloa,Poaceae Barnhart
Ottoschulzia,Icacinaceae Miers
Ouratea,Ochnaceae DC.
Oxalis,Oxalidaceae R. Br.
Oxandra,Annonaceae Juss.
Oxybaphus,Nyctaginaceae Juss.
Oxycaryum,Cyperaceae Juss.
Oxychloris,Poaceae Barnhart
Oxycoccus,Ericaceae Juss.
Oxydendrum,Ericaceae Juss.
Oxygraphis,Ranunculaceae Juss.
Oxylobium,Fabaceae Lindl.
Oxymitra,Oxymitraceae Müll. Frib. ex Grolle
Oxypetalum,Asclepiadaceae Borkh.
Oxypolis,Apiaceae Lindl.
Oxypteryx,Asclepiadaceae Borkh.
Oxyrhynchus,Fabaceae Lindl.
Oxyria,Polygonaceae Juss.
Oxyrrhynchium,Brachytheciaceae Schimp.
Oxyspora,Melastomataceae Juss.
Oxystegus,Pottiaceae Hampe
Oxystylis,Capparaceae Juss.
Oxytenanthera,Poaceae Barnhart
Oxytenia,Asteraceae Bercht. & J. Presl
Oxytheca,Polygonaceae Juss.
Oxytria,Liliaceae Juss.
Oxytropis,Fabaceae Lindl.
Ozomelis,Saxifragaceae Juss.
Pachecoa,Fabaceae Lindl.
Pachira,Bombacaceae Kunth
Pachycereus,Cactaceae Juss.
Pachygone,Menispermaceae Juss.
Pachylophis,Onagraceae Juss.
Pachyospora,Hymeneliaceae Körb.
Pachyphiale,Gyalectaceae Stizenb.
Pachyptera,Bignoniaceae Juss.
Pachyrhizus,Fabaceae Lindl.
Pachysandra,Buxaceae Dumort.
Pachystachys,Acanthaceae Juss.
Pachystima,Celastraceae R. Br.
Packera,Asteraceae Bercht. & J. Presl
Padus,Rosaceae Juss.
Paederia,Rubiaceae Juss.
Paeonia,Paeoniaceae Raf.
Pagesia,Scrophulariaceae Juss.
Palafoxia,Asteraceae Bercht. & J. Presl
Palamocladium,Brachytheciaceae Schimp.
Palaquium,Sapotaceae Juss.
Palhinhaea,Lycopodiaceae P. Beauv. ex Mirb.
Palicourea,Rubiaceae Juss.
Palisota,Commelinaceae Mirb.
Paliurus,Rhamnaceae Juss.
Pallavicinia,Pallaviciniaceae Mig.
Pallenis,Asteraceae Bercht. & J. Presl
Palma,Arecaceae Bercht. & J. Presl
Palmerella,Campanulaceae Juss.
Paltonium,Polypodiaceae J. Presl & C. Presl
Paludella,Meesiaceae Schimp.
Palustriella,Amblystegiaceae Kindb.
Panax,Araliaceae Juss.
Pancratium,Liliaceae Juss.
Pandanus,Pandanaceae R. Br.
Pangium,Flacourtiaceae Rich. ex DC.
Panicularia,Poaceae Barnhart
Panicum,Poaceae Barnhart
Pannaria,Bacidiaceae Walt. Watson
Papaver,Papaveraceae Juss.
Papaya,Caricaceae Dumort.
Papillaria,Meteoriaceae Kindb.
Pappophorum,Poaceae Barnhart
Papyrius,Moraceae Gaudich.
Paraderris,Fabaceae Lindl.
Parakmeria,Magnoliaceae Juss.
Paralabatia,Sapotaceae Juss.
Paraleptodontium,Pottiaceae Hampe
Paraleucobryum,Dicranaceae Schimp.
Paramapania,Cyperaceae Juss.
Paraparmelia,Parmeliaceae F. Berchtold & J. Presl
Parapholis,Poaceae Barnhart
Parasenecio,Asteraceae Bercht. & J. Presl
Paraserianthes,Fabaceae Lindl.
Parathelium,Pyrenulaceae Rabenh.
Parathelypteris,Thelypteridaceae Ching ex Pic. Serm.
Parathesis,Myrsinaceae R. Br.
Pardanthopsis,Iridaceae Juss.
Parentucellia,Scrophulariaceae Juss.
Parietaria,Urticaceae Juss.
Parishella,Campanulaceae Juss.
Pariti,Malvaceae Juss.
Parkia,Fabaceae Lindl.
Parkinsonia,Fabaceae Lindl.
Parmelia,Parmeliaceae F. Berchtold & J. Presl
Parmeliella,Coccocarpiaceae Henssen
Parmelina,Parmeliaceae F. Berchtold & J. Presl
Parmelinopsis,Parmeliaceae F. Berchtold & J. Presl
Parmeliopsis,Parmeliaceae F. Berchtold & J. Presl
Parmentaria,Pyrenulaceae Rabenh.
Parmentiera,Bignoniaceae Juss.
Parmotrema,Parmeliaceae F. Berchtold & J. Presl
Parmotremopsis,Parmeliaceae F. Berchtold & J. Presl
Parmularia,Lecanoraceae Körb.
Parnassia,Saxifragaceae Juss.
Parochetus,Fabaceae Lindl.
Parodia,Cactaceae Juss.
Paronychia,Caryophyllaceae Juss.
Parosela,Fabaceae Lindl.
Parrotia,Hamamelidaceae R. Br.
Parrya,Brassicaceae Burnett
Parryella,Fabaceae Lindl.
Parsonsia,Lythraceae J. St.-Hil.
Parthenice,Asteraceae Bercht. & J. Presl
Parthenium,Asteraceae Bercht. & J. Presl
Parthenocissus,Vitaceae Juss.
Parvisedum,Crassulaceae J. St.-Hil.
Pascalia,Asteraceae Bercht. & J. Presl
Pascopyrum,Poaceae Barnhart
Paspalidium,Poaceae Barnhart
Paspalum,Poaceae Barnhart
Passerina,Thymelaeaceae Juss.
Passiflora,Passifloraceae Juss. ex Roussel
Pastinaca,Apiaceae Lindl.
Patis,Poaceae Barnhart
Pattersonia,Acanthaceae Juss.
Paulia,Lichinaceae Nyl.
Paullinia,Sapindaceae Juss.
Paulownia,Scrophulariaceae Juss.
Paurotis,Arecaceae Bercht. & J. Presl
Pavonia,Malvaceae Juss.
Paxistima,Celastraceae R. Br.
Peccania,Lichinaceae Nyl.
Pecluma,Polypodiaceae J. Presl & C. Presl
Pectiantia,Saxifragaceae Juss.
Pectis,Asteraceae Bercht. & J. Presl
Pectocarya,Boraginaceae Juss.
Pediculariopsis,Scrophulariaceae Juss.
Pedicularis,Scrophulariaceae Juss.
Pedilanthus,Euphorbiaceae Juss.
Pedinophyllum,Plagiochilaceae Müll. Frib.
Pediocactus,Cactaceae Juss.
Pediomelum,Fabaceae Lindl.
Peganum,Zygophyllaceae R. Br.
Peiranisia,Fabaceae Lindl.
Pelargonium,Geraniaceae Juss.
Pelea,Rutaceae Juss.
Pelexia,Orchidaceae Juss.
Pellaea,Pteridaceae E.D.M. Kirchn.
Pellia,Pelliaceae H. Klinggr.
Peltandra,Araceae Juss.
Peltapteris,Dryopteridaceae Herter
Peltigera,Peltigeraceae Dumort.
Peltiphyllum,Saxifragaceae Juss.
Peltolepis,Monosoleniaceae Inoue
Peltophorum,Fabaceae Lindl.
Peltula,Peltulaceae Büdel
Pemphis,Lythraceae J. St.-Hil.
Peniocereus,Cactaceae Juss.
Peniophyllum,Onagraceae Juss.
Pennellia,Brassicaceae Burnett
Pennisetum,Poaceae Barnhart
Penstemon,Scrophulariaceae Juss.
Pentachaeta,Asteraceae Bercht. & J. Presl
Pentaclethra,Fabaceae Lindl.
Pentadesma,Clusiaceae Lindl.
Pentaglottis,Boraginaceae Juss.
Pentagramma,Pteridaceae E.D.M. Kirchn.
Pentalinon,Apocynaceae Juss.
Pentanisia,Rubiaceae Juss.
Pentapetes,Sterculiaceae Vent.
Pentaphylloides,Rosaceae Juss.
Pentaraphia,Gesneriaceae Rich. & Juss.
Pentas,Rubiaceae Juss.
Penthorum,Crassulaceae J. St.-Hil.
Pentodon,Rubiaceae Juss.
Pentzia,Asteraceae Bercht. & J. Presl
Peperomia,Piperaceae Giseke
Peplis,Lythraceae J. St.-Hil.
Pepo,Cucurbitaceae Juss.
Pera,Euphorbiaceae Juss.
Peramium,Orchidaceae Juss.
Peraphyllum,Rosaceae Juss.
Pereskia,Cactaceae Juss.
Perezia,Asteraceae Bercht. & J. Presl
Perforaria,Coccotremataceae Henssen
Pergularia,Asclepiadaceae Borkh.
Periandra,Fabaceae Lindl.
Pericallis,Asteraceae Bercht. & J. Presl
Pericome,Asteraceae Bercht. & J. Presl
Pericopsis,Fabaceae Lindl.
Perideridia,Apiaceae Lindl.
Peridiothelia,Pleomassariaceae M.E. Barr
Perilla,Lamiaceae Martinov
Periploca,Asclepiadaceae Borkh.
Peristylus,Orchidaceae Juss.
Peritoma,Capparaceae Juss.
Perityle,Asteraceae Bercht. & J. Presl
Perizoma,Solanaceae Juss.
Perotis,Poaceae Barnhart
Perovskia,Lamiaceae Martinov
Perrottetia,Celastraceae R. Br.
Persea,Lauraceae Juss.
Persica,Rosaceae Juss.
Persicaria,Polygonaceae Juss.
Perstusaria,Pertusariaceae Körb.
Pertusaria,Hymeneliaceae Körb.
Perularia,Orchidaceae Juss.
Petalonyx,Loasaceae Juss.
Petalophyllum,Fossombroniaceae Hazsl.
Petalostemon,Fabaceae Lindl.
Petasites,Asteraceae Bercht. & J. Presl
Peteria,Fabaceae Lindl.
Petesioides,Myrsinaceae R. Br.
Petitia,Verbenaceae J. St.-Hil.
Petiveria,Phytolaccaceae R. Br.
Petractis,Stictidaceae Fr.
Petradoria,Asteraceae Bercht. & J. Presl
Petrea,Verbenaceae J. St.-Hil.
Petrogenia,Convolvulaceae Juss.
Petrophytum,Rosaceae Juss.
Petrorhagia,Caryophyllaceae Juss.
Petrosedum,Crassulaceae J. St.-Hil.
Petroselinum,Apiaceae Lindl.
Petunia,Solanaceae Juss.
Peucedanum,Apiaceae Lindl.
Peucephyllum,Asteraceae Bercht. & J. Presl
Peumus,Monimiaceae Juss.
Pfaffia,Amaranthaceae Martinov
Phaca,Fabaceae Lindl.
Phacelia,Hydrophyllaceae R. Br.
Phacopsis,Lecanoraceae Körb.
Phaedranthus,Bignoniaceae Juss.
Phaeocalicium,Mycocaliciaceae A.F.W. Schmidt
Phaeoceros,Anthocerotaceae Dumort.
Phaeographina,Graphidaceae Dumort.
Phaeographis,Graphidaceae Dumort.
Phaeomeria,Zingiberaceae Martinov
Phaeophyscia,Physciaceae Zahlbr.
Phaeopyxis,Uncertain Ascomycota Family
Phaeorrhiza,Physciaceae Zahlbr.
Phaeosphaerion,Commelinaceae Mirb.
Phaeospora,Verrucariaceae Eschw.
Phaeosporobolus,Uncertain Ascomycota Family
Phaeotrema,Thelotremataceae Stizenb.
Phaethusa,Asteraceae Bercht. & J. Presl
Phaius,Orchidaceae Juss.
Phalacroseris,Asteraceae Bercht. & J. Presl
Phalangium,Liliaceae Juss.
Phalaris,Poaceae Barnhart
Phalaroides,Poaceae Barnhart
Phaleria,Thymelaeaceae Juss.
Phanera,Fabaceae Lindl.
Phanerophlebia,Dryopteridaceae Herter
Phanopyrum,Poaceae Barnhart
Pharbitis,Convolvulaceae Juss.
Pharcidia,Mycosphaerellaceae Lindau
Pharomitrium,Pottiaceae Hampe
Pharus,Poaceae Barnhart
Phascum,Pottiaceae Hampe
Phaseolus,Fabaceae Lindl.
Phaulothamnus,Achatocarpaceae Heimerl
Phedimus,Crassulaceae J. St.-Hil.
Phegopteris,Dryopteridaceae Herter
Phelipaea,Orobanchaceae Vent.
Phelipanche,Orobanchaceae Vent.
Phellodendron,Rutaceae Juss.
Phellopterus,Apiaceae Lindl.
Phellosperma,Cactaceae Juss.
Phemeranthus,Portulacaceae Dumort.
Phenax,Urticaceae Juss.
Phenianthus,Caprifoliaceae Juss.
Pherotrichis,Asclepiadaceae Borkh.
Phialanthus,Rubiaceae Juss.
Philadelphus,Hydrangeaceae Dumort.
Philibertia,Asclepiadaceae Borkh.
Philocrya,Polytrichaceae Schwägr.
Philodendron,Araceae Juss.
Philonotis,Bartramiaceae Schwägr.
Philotria,Hydrocharitaceae Juss.
Philoxerus,Amaranthaceae Martinov
Philydrum,Philydraceae Link
Phippsia,Poaceae Barnhart
Phlebodium,Polypodiaceae J. Presl & C. Presl
Phlebotaenia,Polygalaceae Hoffmanns. & Link
Phlegmariurus,Lycopodiaceae P. Beauv. ex Mirb.
Phleum,Poaceae Barnhart
Phlojodicarpus,Apiaceae Lindl.
Phlomis,Lamiaceae Martinov
Phlox,Polemoniaceae Juss.
Phlyctella,Phlyctidaceae Poelt ex J.C. David & D. Hawksw.
Phlyctidia,Phlyctidaceae Poelt ex J.C. David & D. Hawksw.
Phlyctis,Phlyctidaceae Poelt ex J.C. David & D. Hawksw.
Phoebanthus,Asteraceae Bercht. & J. Presl
Phoebe,Lauraceae Juss.
Phoenicaulis,Brassicaceae Burnett
Phoenix,Arecaceae Bercht. & J. Presl
Pholisma,Lennoaceae Solms
Pholistoma,Hydrophyllaceae R. Br.
Pholiurus,Poaceae Barnhart
Phoradendron,Viscaceae Batsch
Phormium,Agavaceae Dumort.
Photinia,Rosaceae Juss.
Phragmites,Poaceae Barnhart
Phragmonaevia,Uncertain Ascomycota Family
Phreatia,Orchidaceae Juss.
Phryma,Verbenaceae J. St.-Hil.
Phthirusa,Loranthaceae Juss.
Phygelius,Scrophulariaceae Juss.
Phyla,Verbenaceae J. St.-Hil.
Phyllanthopsis,Euphorbiaceae Juss.
Phyllanthus,Euphorbiaceae Juss.
Phylliscum,Lichinaceae Nyl.
Phyllocladus,Podocarpaceae Endl.
Phyllodoce,Ericaceae Juss.
Phyllopsora,Bacidiaceae Walt. Watson
Phyllospadix,Zosteraceae Dumort.
Phyllostachys,Poaceae Barnhart
Phyllostegia,Lamiaceae Martinov
Phymaspermum,Asteraceae Bercht. & J. Presl
Phymatodes,Polypodiaceae J. Presl & C. Presl
Phymatosaurus,Polypodiaceae J. Presl & C. Presl
Phymatosorus,Polypodiaceae J. Presl & C. Presl
Phymosia,Malvaceae Juss.
Phyodina,Commelinaceae Mirb.
Physalis,Solanaceae Juss.
Physalodes,Solanaceae Juss.
Physaria,Brassicaceae Burnett
Physcia,Physciaceae Zahlbr.
Physciella,Physciaceae Zahlbr.
Physciopsis,Physciaceae Zahlbr.
Physcomitrella,Funariaceae Schwägr.
Physcomitrium,Funariaceae Schwägr.
Physconia,Physciaceae Zahlbr.
Physma,Collemataceae Zenker
Physocarpus,Rosaceae Juss.
Physostegia,Lamiaceae Martinov
Physostigma,Fabaceae Lindl.
Physurus,Orchidaceae Juss.
Phytelephas,Arecaceae Bercht. & J. Presl
Phytoconis,Tricholomataceae R. Heim ex Pouzar
Phytolacca,Phytolaccaceae R. Br.
Piaropus,Pontederiaceae Kunth
Piccolia,Biatorellaceae M. Choisy ex Hafellner & Casares
Picea,Pinaceae Spreng. ex Rudolphi
Pickeringia,Fabaceae Lindl.
Picradenia,Asteraceae Bercht. & J. Presl
Picradeniopsis,Asteraceae
Picramnia,Simaroubaceae DC.
Picrasma,Simaroubaceae DC.
Picria,Scrophulariaceae Juss.
Picris,Asteraceae Bercht. & J. Presl
Picrothamnus,Asteraceae Bercht. & J. Presl
Pictetia,Fabaceae Lindl.
Pieris,Ericaceae Juss.
Pilea,Urticaceae Juss.
Piloblephis,Lamiaceae Martinov
Pilocarpus,Rutaceae Juss.
Pilocereus,Cactaceae Juss.
Pilophorus,Stereocaulaceae Chevall.
Pilosella,Brassicaceae Burnett
Pilosocereus,Cactaceae Juss.
Pilostyles,Rafflesiaceae Dumort.
Pilularia,Marsileaceae Mirb.
Pimenta,Myrtaceae Juss.
Pimpinella,Apiaceae Lindl.
Pinanga,Arecaceae Bercht. & J. Presl
Pinaropappus,Asteraceae Bercht. & J. Presl
Pinckneya,Rubiaceae Juss.
Pinellia,Araceae Juss.
Pinguicula,Lentibulariaceae Rich.
Pinus,Pinaceae
Pinzona,Dilleniaceae Salisb.
Piper,Piperaceae Giseke
Piperia,Orchidaceae Juss.
Piptadenia,Fabaceae Lindl.
Piptanthocereus,Cactaceae Juss.
Piptatheropsis,Poaceae Barnhart
Piptatherum,Poaceae Barnhart
Piptocarpha,Asteraceae Bercht. & J. Presl
Piptochaetium,Poaceae Barnhart
Piptocoma,Asteraceae Bercht. & J. Presl
Pipturus,Urticaceae Juss.
Pireella,Pterobryaceae Kindb.
Piriqueta,Turneraceae Kunth ex DC.
Piscidia,Fabaceae Lindl.
Pisonia,Nyctaginaceae Juss.
Pisophaca,Fabaceae Lindl.
Pistacia,Anacardiaceae R. Br.
Pistia,Araceae Juss.
Pisum,Fabaceae Lindl.
Pitavia,Rutaceae Juss.
Pitcairnia,Bromeliaceae Juss.
Pitcheria,Fabaceae Lindl.
Pithecellobium,Fabaceae Lindl.
Pithecoctenium,Bignoniaceae Juss.
Pittosporum,Pittosporaceae R. Br.
Pityopsis,Asteraceae Bercht. & J. Presl
Pityopus,Monotropaceae Nutt.
Pityothamnus,Annonaceae Juss.
Pityrogramma,Pteridaceae E.D.M. Kirchn.
Placidiopsis,Verrucariaceae Eschw.
Placopsis,Trapeliaceae M. Choisy ex Hertel
Placynthiella,Trapeliaceae M. Choisy ex Hertel
Placynthium,Lichinaceae Nyl.
Plagiobothrys,Boraginaceae Juss.
Plagiobryum,Bryaceae Rchb.
Plagiocarpa,Pyrenulaceae Rabenh.
Plagiochasma,Aytoniaceae Cavers
Plagiochila,Plagiochilaceae Müll. Frib.
Plagiochloa,Poaceae Barnhart
Plagiomnium,Mniaceae Schwägr.
Plagiopus,Bartramiaceae Schwägr.
Plagiotheciella,Plagiotheciaceae M. Fleisch.
Plagiothecium,Hypnaceae Schimp.
Planchonella,Sapotaceae Juss.
Planera,Ulmaceae Mirb.
Planodes,Brassicaceae Burnett
Plantago,Plantaginaceae Juss.
Platanthera,Orchidaceae Juss.
Platanus,Platanaceae
Plateilema,Asteraceae Bercht. & J. Presl
Platismatia,Parmeliaceae F. Berchtold & J. Presl
Platonia,Clusiaceae Lindl.
Platycarya,Juglandaceae DC. ex Perleb
Platycerium,Polypodiaceae J. Presl & C. Presl
Platycladus,Cupressaceae Gray
Platycodon,Campanulaceae Juss.
Platydesma,Rutaceae Juss.
Platydictya,Hypnaceae Schimp.
Platygrapha,Opegraphaceae Stizenb.
Platygraphopsis,Uncertain Ascomycota Family
Platygyrium,Hypnaceae Schimp.
Platyhypnidium,Brachytheciaceae Schimp.
Platylomella,Amblystegiaceae Kindb.
Platypus,Orchidaceae Juss.
Platyschkuhria,Asteraceae Bercht. & J. Presl
Platystemon,Papaveraceae Juss.
Platystigma,Papaveraceae Juss.
Platythelys,Orchidaceae Juss.
Plaubelia,Pottiaceae Hampe
Pleconax,Caryophyllaceae Juss.
Plecostachys,Asteraceae Bercht. & J. Presl
Plectocarpon,Roccellaceae Chevall.
Plectrachne,Poaceae Barnhart
Plectranthus,Lamiaceae Martinov
Plectritis,Valerianaceae Batsch
Pleea,Liliaceae Juss.
Pleiacanthus,Asteraceae Bercht. & J. Presl
Pleioblastus,Poaceae Barnhart
Pleiotaenia,Apiaceae Lindl.
Pleocnemia,Dryopteridaceae Herter
Pleodendron,Canellaceae Mart.
Pleomele,Liliaceae Juss.
Pleopeltis,Polypodiaceae J. Presl & C. Presl
Pleopogon,Poaceae Barnhart
Pleopsidium,Acarosporaceae Zahlbr.
Plesioneuron,Thelypteridaceae Ching ex Pic. Serm.
Pleuraphis,Poaceae Barnhart
Pleuricospora,Monotropaceae Nutt.
Pleuridium,Archidiaceae Schimp.
Pleurochaete,Pottiaceae Hampe
Pleurocladula,Cephaloziaceae Mig.
Pleurocoronis,Asteraceae Bercht. & J. Presl
Pleurogyne,Gentianaceae Juss.
Pleuropogon,Poaceae Barnhart
Pleuropteropyrum,Polygonaceae Juss.
Pleuropterus,Polygonaceae Juss.
Pleuropus,Brachytheciaceae Schimp.
Pleurothallis,Orchidaceae Juss.
Pleurotheliopsis,Pyrenulaceae Rabenh.
Pleurotrema,Monoblastiaceae Walt. Watson
Pleurozia,Pleuroziaceae Müll. Frib.
Pleuroziopsis,Pleuroziopsidaceae Ireland
Pleurozium,Hylocomiaceae M. Fleisch.
Plinia,Myrtaceae Juss.
Pluchea,Asteraceae Bercht. & J. Presl
Plumbago,Plumbaginaceae Juss.
Plumeria,Apocynaceae Juss.
Plummera,Asteraceae Bercht. & J. Presl
Pneumaria,Boraginaceae Juss.
Pneumatopteris,Thelypteridaceae Ching ex Pic. Serm.
Pneumonanthe,Gentianaceae Juss.
Poa,Poaceae
Pocilla,Scrophulariaceae Juss.
Podagrostis,Poaceae Barnhart
Podistera,Apiaceae Lindl.
Podocarpus,Podocarpaceae Endl.
Podocoma,Asteraceae Bercht. & J. Presl
Podophyllum,Berberidaceae Juss.
Podospermum,Asteraceae Bercht. & J. Presl
Podostemum,Podostemaceae Rich. ex Kunth
Podostigma,Asclepiadaceae Borkh.
Podranea,Bignoniaceae Juss.
Poeltinula,Rhizocarpaceae M. Choisy ex Hafellner
Pogogyne,Lamiaceae Martinov
Pogonatherum,Poaceae Barnhart
Pogonatum,Polytrichaceae Schwägr.
Pogonia,Orchidaceae Juss.
Pogostemon,Lamiaceae Martinov
Pohlia,Bryaceae Rchb.
Poinciana,Fabaceae Lindl.
Poinsettia,Euphorbiaceae Juss.
Poitea,Fabaceae Lindl.
Polanisia,Capparaceae Juss.
Polemoniella,Polemoniaceae Juss.
Polemonium,Polemoniaceae Juss.
Polianthes,Agavaceae Dumort.
Poliomintha,Lamiaceae Martinov
Pollichia,Caryophyllaceae Juss.
Polyalthia,Annonaceae Juss.
Polyblastia,Verrucariaceae Eschw.
Polyblastiopsis,Arthopyreniaceae Walt. Watson
Polybotrya,Dryopteridaceae Herter
Polycarpaea,Caryophyllaceae Juss.
Polycarpon,Caryophyllaceae
Polycaulonia,Teloschistaceae Zahlbr.
Polychidium,Collemataceae Zenker
Polycnemum,Chenopodiaceae Vent.
Polycoccum,Dacampiaceae Körb.
Polycodium,Ericaceae Juss.
Polyctenium,Brassicaceae Burnett
Polygala,Polygalaceae Hoffmanns. & Link
Polygaloides,Polygalaceae Hoffmanns. & Link
Polygonatum,Liliaceae Juss.
Polygonella,Polygonaceae Juss.
Polygonum,Polygonaceae
Polymeridium,Trypetheliaceae Eschw.
Polymnia,Asteraceae Bercht. & J. Presl
Polyotus,Asclepiadaceae Borkh.
Polypappus,Asteraceae Bercht. & J. Presl
Polypodium,Grammitidaceae Newman
Polypogon,Poaceae Barnhart
Polypremum,Buddlejaceae K. Wilh.
Polypteris,Asteraceae Bercht. & J. Presl
Polyradicion,Orchidaceae Juss.
Polyrrhiza,Orchidaceae Juss.
Polyscias,Araliaceae Juss.
Polysporina,Acarosporaceae Zahlbr.
Polystachya,Orchidaceae Juss.
Polystichopsis,Dryopteridaceae Herter
Polystichum,Dryopteridaceae Herter
Polytaenia,Apiaceae Lindl.
Polytaenium,Vittariaceae Ching
Polytoca,Poaceae Barnhart
Polytrias,Poaceae Barnhart
Polytrichadelphus,Polytrichaceae Schwägr.
Polytrichastrum,Polytrichaceae Schwägr.
Polytrichum,Polytrichaceae Schwägr.
Pomaria,Fabaceae Lindl.
Ponapea,Arecaceae Bercht. & J. Presl
Poncirus,Rutaceae Juss.
Pongamia,Fabaceae Lindl.
Pontederia,Pontederiaceae Kunth
Ponthieva,Orchidaceae Juss.
Poponax,Fabaceae Lindl.
Populus,Salicaceae
Porana,Convolvulaceae Juss.
Poranopsis,Convolvulaceae Juss.
Porella,Porellaceae Cavers
Porina,Arthopyreniaceae Walt. Watson
Porlieria,Zygophyllaceae R. Br.
Porocyphus,Lichinaceae Nyl.
Porophyllum,Asteraceae Bercht. & J. Presl
Porothamnium,Thamnobryaceae Margad. & During
Porotrichum,Thamnobryaceae Margad. & During
Porpidia,Porpidiaceae Hertel & Hafellner
Porsildia,Caryophyllaceae Juss.
Porteranthus,Rosaceae Juss.
Porterella,Campanulaceae Juss.
Portulaca,Aizoaceae Martinov
Portulacaria,Portulacaceae Dumort.
Posidonia,Posidoniaceae Vines
Potamogeton,Potamogetonaceae Bercht. & J. Presl
Potentilla,Rosaceae Juss.
Poteridium,Rosaceae Juss.
Poterium,Rosaceae Juss.
Pothomorphe,Piperaceae Giseke
Pothos,Araceae Juss.
Pottia,Pottiaceae Hampe
Pouteria,Sapotaceae Juss.
Pouzolzia,Urticaceae Juss.
Prasanthus,Gymnomitriaceae H. Klinggr.
Praxelis,Asteraceae Bercht. & J. Presl
Preissia,Marchantiaceae Lindl.
Premna,Verbenaceae J. St.-Hil.
Prenanthella,Asteraceae Bercht. & J. Presl
Prenanthes,Asteraceae Bercht. & J. Presl
Prescotia,Orchidaceae Juss.
Prescottia,Orchidaceae Juss.
Prestoea,Arecaceae Bercht. & J. Presl
Prestonia,Apocynaceae Juss.
Primula,Primulaceae Batsch
Prinos,Aquifoliaceae Bercht. & J. Presl
Prinsepia,Rosaceae Juss.
Prionopsis,Asteraceae Bercht. & J. Presl
Pristimera,Celastraceae R. Br.
Pritchardia,Arecaceae Bercht. & J. Presl
Priva,Verbenaceae J. St.-Hil.
Proatriplex,Chenopodiaceae Vent.
Proboscidea,Pedaliaceae R. Br.
Prockia,Flacourtiaceae Rich. ex DC.
Procris,Urticaceae Juss.
Proiphys,Liliaceae Juss.
Pronectria,Hypocreaceae De Not.
Pronephrium,Thelypteridaceae Ching ex Pic. Serm.
Prosaptia,Grammitidaceae Newman
Prosartes,Liliaceae Juss.
Proserpinaca,Haloragaceae R. Br.
Prosopis,Fabaceae Lindl.
Prosthechea,Orchidaceae Juss.
Protea,Proteaceae Juss.
Protoblastenia,Lecanoraceae Körb.
Protoparmelia,Lecanoraceae Körb.
Protoparmeliopsis,Lecanoraceae Körb.
Protothelenella,Protothelenellaceae
Proustia,Asteraceae Bercht. & J. Presl
Provencheria,Caryophyllaceae Juss.
Prunella,Lamiaceae Martinov
Prunus,Rosaceae
Psacalium,Asteraceae Bercht. & J. Presl
Psammophiliella,Caryophyllaceae Juss.
Psathyrostachys,Poaceae Barnhart
Psathyrotes,Asteraceae Bercht. & J. Presl
Psathyrotopsis,Asteraceae Bercht. & J. Presl
Psedera,Vitaceae Juss.
Pseudabutilon,Malvaceae Juss.
Pseudanamomis,Myrtaceae Juss.
Pseudarthria,Fabaceae Lindl.
Pseudelephantopus,Asteraceae Bercht. & J. Presl
Pseudephebe,Parmeliaceae F. Berchtold & J. Presl
Pseudephemerum,Dicranaceae Schimp.
Pseuderanthemum,Acanthaceae Juss.
Pseuderia,Orchidaceae Juss.
Pseudevernia,Parmeliaceae F. Berchtold & J. Presl
Pseudisothecium,Brachytheciaceae Schimp.
Pseudobahia,Asteraceae Bercht. & J. Presl
Pseudobombax,Bombacaceae Kunth
Pseudobraunia,Hedwigiaceae Schimp.
Pseudobryum,Mniaceae Schwägr.
Pseudocalliergon,Amblystegiaceae Kindb.
Pseudocalymma,Bignoniaceae Juss.
Pseudoclappia,Asteraceae Bercht. & J. Presl
Pseudocrossidium,Pottiaceae Hampe
Pseudocryphaea,Leucodontaceae Schimp.
Pseudocydonia,Rosaceae Juss.
Pseudocymopterus,Apiaceae Lindl.
Pseudocyphellaria,Lobariaceae Chevall.
Pseudoditrichum,Pseudoditrichaceae Steere & Z. Iwats.
Pseudofumaria,Fumariaceae Marquis
Pseudognaphalium,Asteraceae Bercht. & J. Presl
Pseudogynoxys,Asteraceae Bercht. & J. Presl
Pseudolarix,Pinaceae Spreng. ex Rudolphi
Pseudolepicolea,Pseudolepicoleaceae Fulford & J. Taylor
Pseudoleskea,Leskeaceae Schimp.
Pseudoleskeella,Leskeaceae Schimp.
Pseudolmedia,Moraceae Gaudich.
Pseudolycopodiella,Lycopodiaceae P. Beauv. ex Mirb.
Pseudolysimachion,Scrophulariaceae Juss.
Pseudomorus,Moraceae Gaudich.
Pseudopanax,Araliaceae Juss.
Pseudoparmelia,Parmeliaceae F. Berchtold & J. Presl
Pseudophegopteris,Thelypteridaceae Ching ex Pic. Serm.
Pseudophoenix,Arecaceae Bercht. & J. Presl
Pseudopyrenula,Trypetheliaceae Eschw.
Pseudorchis,Orchidaceae Juss.
Pseudoroegneria,Poaceae
Pseudorontium,Scrophulariaceae Juss.
Pseudosagedia,Trichotheliaceae Bittner & F. Schill.
Pseudosaponaria,Caryophyllaceae Juss.
Pseudosasa,Poaceae Barnhart
Pseudoscleropodium,Brachytheciaceae Schimp.
Pseudostellaria,Caryophyllaceae Juss.
Pseudotaenidia,Apiaceae Lindl.
Pseudotaxiphyllum,Hypnaceae Schimp.
Pseudotrillium,Liliaceae Juss.
Pseudotsuga,Pinaceae
Psidium,Myrtaceae Juss.
Psiguria,Cucurbitaceae Juss.
Psilactis,Asteraceae Bercht. & J. Presl
Psilocarphus,Asteraceae Bercht. & J. Presl
Psilocarya,Cyperaceae Juss.
Psilocaulon,Aizoaceae Martinov
Psilochenia,Asteraceae Bercht. & J. Presl
Psilochilus,Orchidaceae Juss.
Psilogramme,Pteridaceae E.D.M. Kirchn.
Psilolechia,Micareaceae
Psilopilum,Polytrichaceae Schwägr.
Psilostrophe,Asteraceae Bercht. & J. Presl
Psilotrichum,Amaranthaceae Martinov
Psilotum,Psilotaceae J.W. Griff. & Henfr.
Psilurus,Poaceae Barnhart
Psophocarpus,Fabaceae Lindl.
Psora,Bacidiaceae Walt. Watson
Psoralea,Fabaceae Lindl.
Psoralidium,Fabaceae Lindl.
Psorinia,Lecanoraceae Körb.
Psoroglaena,Verrucariaceae Eschw.
Psoroma,Pannariaceae Tuck.
Psorothamnus,Fabaceae Lindl.
Psorotichia,Lichinaceae Nyl.
Psorula,Lecanoraceae Körb.
Psychilis,Orchidaceae Juss.
Psychopsis,Orchidaceae Juss.
Psychotria,Rubiaceae Juss.
Psychrophila,Ranunculaceae Juss.
Psydrax,Rubiaceae Juss.
Ptelea,Rutaceae Juss.
Pteralyxia,Apocynaceae Juss.
Pteretis,Dryopteridaceae Herter
Pteridium,Dennstaedtiaceae Lotsy
Pterigynandrum,Hylocomiaceae M. Fleisch.
Pteris,Pteridaceae E.D.M. Kirchn.
Pterocarpus,Fabaceae Lindl.
Pterocarya,Juglandaceae DC. ex Perleb
Pterocaulon,Asteraceae Bercht. & J. Presl
Pteroglossaspis,Orchidaceae Juss.
Pterogonium,Brachytheciaceae Schimp.
Pterogonum,Polygonaceae Juss.
Pterolepis,Melastomataceae Juss.
Pteronia,Asteraceae Bercht. & J. Presl
Pterophyton,Asteraceae Bercht. & J. Presl
Pterospora,Monotropaceae Nutt.
Pterostegia,Polygonaceae Juss.
Pterostyrax,Styracaceae DC. & Spreng.
Pterygiopsis,Lichinaceae Nyl.
Pterygoneurum,Pottiaceae Hampe
Pteryxia,Apiaceae Lindl.
Ptilagrostis,Poaceae Barnhart
Ptilidium,Ptilidiaceae H. Klinggr.
Ptilimnium,Apiaceae Lindl.
Ptilium,Hypnaceae Schimp.
Ptilocalais,Asteraceae Bercht. & J. Presl
Ptilocalyx,Boraginaceae Juss.
Ptiloria,Asteraceae Bercht. & J. Presl
Ptisana,Marattiaceae Kaulf.
Ptychographa,Agyriaceae Corda
Ptychomeria,Burmanniaceae Blume
Ptychomitrium,Ptychomitriaceae Schimp.
Ptychosperma,Arecaceae Bercht. & J. Presl
Puccinellia,Poaceae Barnhart
Pueraria,Fabaceae Lindl.
Pugiopappus,Asteraceae Bercht. & J. Presl
Pulicaria,Asteraceae Bercht. & J. Presl
Pulmonaria,Boraginaceae Juss.
Pulsatilla,Ranunculaceae Juss.
Punctelia,Parmeliaceae F. Berchtold & J. Presl
Punica,Punicaceae Bercht. & J. Presl
Purpusia,Rosaceae Juss.
Purshia,Rosaceae Juss.
Putoria,Rubiaceae Juss.
Pycnanthemum,Lamiaceae Martinov
Pycnothelia,Cladoniaceae Zenker
Pycnothymus,Lamiaceae Martinov
Pycreus,Cyperaceae Juss.
Pylaisia,Hypnaceae Schimp.
Pylaisiadelpha,Sematophyllaceae Broth.
Pylaisiella,Hypnaceae Schimp.
Pylostachya,Polygalaceae Hoffmanns. & Link
Pyracantha,Rosaceae Juss.
Pyramidula,Funariaceae Schwägr.
Pyrenastrum,Pyrenulaceae Rabenh.
Pyrenidium,Thelenellaceae O.E. Erikss. ex H. Mayrhofer
Pyrenidum,Dacampiaceae Körb.
Pyrenocollema,Pyrenulaceae Rabenh.
Pyrenodesmia,Teloschistaceae Zahlbr.
Pyrenopsidium,Lichinaceae Nyl.
Pyrenopsis,Lichinaceae Nyl.
Pyrenothamnia,Verrucariaceae Eschw.
Pyrenothrix,Pyrenotrichaceae Zahlbr.
Pyrenula,Arthopyreniaceae Walt. Watson
Pyrenulella,Verrucariaceae Eschw.
Pyrethrum,Asteraceae Bercht. & J. Presl
Pyrgillus,Pyrenulaceae Rabenh.
Pyrola,Pyrolaceae Lindl.
Pyrostegia,Bignoniaceae Juss.
Pyrrhobryum,Rhizogoniaceae Broth.
Pyrrhopappus,Asteraceae Bercht. & J. Presl
Pyrrhospora,Lecanoraceae Körb.
Pyrrocoma,Asteraceae Bercht. & J. Presl
Pyrrosia,Polypodiaceae J. Presl & C. Presl
Pyrularia,Santalaceae R. Br.
Pyrus,Rosaceae Juss.
Pyxidanthera,Saxifragaceae Juss.
Pyxine,Physciaceae Zahlbr.
Quadrella,Capparaceae Juss.
Quamasia,Liliaceae Juss.
Quamoclidion,Nyctaginaceae Juss.
Quamoclit,Convolvulaceae Juss.
Quararibea,Bombacaceae Kunth
Quassia,Simaroubaceae DC.
Quercus,Fagaceae
Quillaja,Rosaceae Juss.
Quincula,Solanaceae Juss.
Quisqualis,Combretaceae R. Br.
Rachicallis,Rubiaceae Juss.
Racodium,Uncertain Ascomycota Family
Racomitrium,Grimmiaceae Arn.
Racopilum,Racopilaceae Kindb.
Radermachera,Bignoniaceae Juss.
Radicula,Brassicaceae Burnett
Radiola,Linaceae DC. ex Perleb
Radula,Radulaceae Müll. Frib.
Rafinesquia,Asteraceae Bercht. & J. Presl
Raillardella,Asteraceae Bercht. & J. Presl
Raillardia,Asteraceae Bercht. & J. Presl
Raillardiopsis,Asteraceae Bercht. & J. Presl
Railliardia,Asteraceae Bercht. & J. Presl
Railliautia,Asteraceae Bercht. & J. Presl
Raimannia,Onagraceae Juss.
Rainiera,Asteraceae Bercht. & J. Presl
Rajania,Polygonaceae Juss.
Ramalina,Ramalinaceae C. Agardh
Ramischia,Pyrolaceae Lindl.
Ramium,Urticaceae Juss.
Ramonia,Gyalectaceae Stizenb.
Randia,Rubiaceae Juss.
Ranunculus,Ranunculaceae Juss.
Rapanea,Myrsinaceae R. Br.
Raphanus,Brassicaceae Burnett
Raphia,Arecaceae Bercht. & J. Presl
Rapistrum,Brassicaceae Burnett
Ratibida,Asteraceae Bercht. & J. Presl
Ratonia,Sapindaceae Juss.
Rauia,Thuidiaceae Schimp.
Rauiella,Thuidiaceae Schimp.
Rauvolfia,Apocynaceae Juss.
Ravenala,Strelitziaceae
Ravenia,Rutaceae Juss.
Rayjacksonia,Asteraceae Bercht. & J. Presl
Raymondiella,Cyperaceae Juss.
Razoumofskya,Viscaceae Batsch
Reboulia,Aytoniaceae Cavers
Rechingeria,Lichinaceae Nyl.
Rectanthera,Commelinaceae Mirb.
Rectolejeunea,Lejeuneaceae Rostovzev
Redfieldia,Poaceae Barnhart
Refractohilum,Uncertain Ascomycota Family
Regnellidium,Marsileaceae Mirb.
Rehsonia,Fabaceae Lindl.
Reichardia,Asteraceae Bercht. & J. Presl
Reimaria,Poaceae Barnhart
Reimarochloa,Poaceae Barnhart
Reinkella,Roccellaceae Chevall.
Relbunium,Rubiaceae Juss.
Relicina,Parmeliaceae F. Berchtold & J. Presl
Remirea,Cyperaceae Juss.
Remya,Asteraceae Bercht. & J. Presl
Renanthera,Orchidaceae Juss.
Renealmia,Bromeliaceae Juss.
Requienella,Pyrenulaceae Rabenh.
Reseda,Resedaceae Martinov
Restrepiella,Orchidaceae Juss.
Retama,Fabaceae Lindl.
Retinispora,Cupressaceae Gray
Reussia,Pontederiaceae Kunth
Reutealis,Euphorbiaceae Juss.
Reverchonia,Euphorbiaceae Juss.
Reynoldsia,Araliaceae Juss.
Reynosia,Rhamnaceae Juss.
Reynoutria,Polygonaceae Juss.
Rhabdadenia,Apocynaceae Juss.
Rhabdoweisia,Dicranaceae Schimp.
Rhachicallis,Rubiaceae Juss.
Rhachithecium,Rhachitheciaceae H. Rob.
Rhacoma,Celastraceae R. Br.
Rhagadiolus,Asteraceae Bercht. & J. Presl
Rhagodia,Chenopodiaceae Vent.
Rhamnus,Euphorbiaceae Juss.
Rhaphidophora,Araceae Juss.
Rhaphidostegium,Amblystegiaceae Kindb.
Rhaphiolepis,Rosaceae Juss.
Rhaphis,Poaceae Barnhart
Rhapidophyllum,Arecaceae Bercht. & J. Presl
Rhapis,Arecaceae Bercht. & J. Presl
Rheedia,Clusiaceae Lindl.
Rheum,Polygonaceae Juss.
Rhexia,Melastomataceae Juss.
Rhexophyllum,Pottiaceae Hampe
Rhinanthus,Scrophulariaceae Juss.
Rhinotropis,Polygalaceae Hoffmanns. & Link
Rhipsalis,Cactaceae Juss.
Rhizocarpon,Physciaceae Zahlbr.
Rhizogonium,Rhizogoniaceae Broth.
Rhizomnium,Mniaceae Schwägr.
Rhizophora,Rhizophoraceae Pers.
Rhizoplaca,Lecanoraceae Körb.
Rhodanthe,Asteraceae Bercht. & J. Presl
Rhodiola,Crassulaceae J. St.-Hil.
Rhodobryum,Bryaceae Rchb.
Rhododendron,Ericaceae Juss.
Rhododon,Lamiaceae Martinov
Rhodomyrtus,Myrtaceae Juss.
Rhodora,Ericaceae Juss.
Rhodotypos,Rosaceae Juss.
Rhoeo,Commelinaceae Mirb.
Rhombolytrum,Poaceae Barnhart
Rhus,Anacardiaceae R. Br.
Rhynchelytrum,Poaceae Barnhart
Rhynchophorum,Piperaceae Giseke
Rhynchosia,Fabaceae Lindl.
Rhynchosida,Malvaceae Juss.
Rhynchosinapis,Brassicaceae Burnett
Rhynchospermum,Apocynaceae Juss.
Rhynchospora,Cyperaceae Juss.
Rhynchostegiella,Amblystegiaceae Kindb.
Rhynchostegium,Brachytheciaceae Schimp.
Rhysopterus,Apiaceae Lindl.
Rhytidiadelphus,Hylocomiaceae M. Fleisch.
Rhytidiopsis,Hylocomiaceae M. Fleisch.
Rhytidium,Rhytidiaceae Broth.
Rhytidomene,Fabaceae Lindl.
Rhytidophyllum,Gesneriaceae Rich. & Juss.
Rhytiglossa,Acanthaceae Juss.
Ribes,Grossulariaceae DC.
Riccardia,Aneuraceae H. Klinggr.
Riccia,Ricciaceae Rchb.
Ricciocarpos,Ricciaceae Rchb.
Richardia,Rubiaceae Juss.
Ricinella,Euphorbiaceae Juss.
Ricinodendron,Euphorbiaceae Juss.
Ricinus,Euphorbiaceae Juss.
Ridan,Asteraceae Bercht. & J. Presl
Riddellia,Asteraceae Bercht. & J. Presl
Riedlea,Sterculiaceae Vent.
Riella,Riellaceae Engl.
Rigiopappus,Asteraceae Bercht. & J. Presl
Rimelia,Parmeliaceae F. Berchtold & J. Presl
Rimeliella,Parmeliaceae F. Berchtold & J. Presl
Rimularia,Rimulariaceae Hafellner
Rinodina,Lichenotheliaceae Henssen
Rinorea,Violaceae Batsch
Ripidium,Poaceae Barnhart
Rivea,Convolvulaceae Juss.
Rivina,Phytolaccaceae R. Br.
Robertiella,Geraniaceae Juss.
Robinia,Fabaceae Lindl.
Robinsonia,Hypnaceae Schimp.
Roccella,Roccellaceae Chevall.
Roccellina,Roccellaceae Chevall.
Rochefortia,Boraginaceae Juss.
Rodgersia,Saxifragaceae Juss.
Roegneria,Poaceae Barnhart
Roellia,Bryaceae Rchb.
Roemeria,Papaveraceae Juss.
Rolandra,Asteraceae Bercht. & J. Presl
Roldana,Asteraceae Bercht. & J. Presl
Rollandia,Campanulaceae Juss.
Rollinia,Annonaceae Juss.
Romanzoffia,Hydrophyllaceae R. Br.
Romneya,Papaveraceae Juss.
Romulea,Iridaceae Juss.
Rondeletia,Rubiaceae Juss.
Ropalospora,Fuscideaceae Hafellner
Rorippa,Brassicaceae Burnett
Rosa,Rosaceae
Roselliniella,Uncertain Ascomycota Family
Roselliniopsis,Uncertain Ascomycota Family
Rosellinula,Uncertain Ascomycota Family
Roseodendron,Bignoniaceae Juss.
Rosmarinus,Lamiaceae Martinov
Rostraria,Poaceae Barnhart
Rotala,Lythraceae J. St.-Hil.
Rotantha,Campanulaceae Juss.
Rothrockia,Asclepiadaceae Borkh.
Rottboellia,Poaceae Barnhart
Roubieva,Chenopodiaceae Vent.
Rourea,Connaraceae R. Br.
Rousselia,Urticaceae Juss.
Roystonea,Arecaceae Bercht. & J. Presl
Rubacer,Rosaceae Juss.
Rubia,Rubiaceae Juss.
Rubus,Rosaceae Juss.
Rudbeckia,Asteraceae Bercht. & J. Presl
Ruellia,Acanthaceae Juss.
Rufacer,Aceraceae Juss.
Rugelia,Asteraceae Bercht. & J. Presl
Rumex,Polygonaceae
Rumohra,Dryopteridaceae Herter
Runyonia,Agavaceae Dumort.
Rupertia,Fabaceae Lindl.
Ruppia,Ruppiaceae Horan.
Russelia,Scrophulariaceae Juss.
Ruta,Rutaceae Juss.
Rydbergia,Asteraceae Bercht. & J. Presl
Ryssopterys,Malpighiaceae Juss.
Rytidosperma,Poaceae Barnhart
Rytilix,Poaceae Barnhart
Saba,Apocynaceae Juss.
Sabal,Arecaceae Bercht. & J. Presl
Sabatia,Gentianaceae Juss.
Sabicea,Rubiaceae Juss.
Sabina,Cupressaceae Gray
Sabinea,Fabaceae Lindl.
Sabulina,Caryophyllaceae Juss.
Saccharodendron,Aceraceae Juss.
Saccharum,Poaceae Barnhart
Sacciolepis,Poaceae Barnhart
Saccoloma,Dennstaedtiaceae Lotsy
Saccomorpha,Trapeliaceae M. Choisy ex Hertel
Sachsia,Asteraceae Bercht. & J. Presl
Sacoila,Orchidaceae Juss.
Sacolia,Orchidaceae Juss.
Sadleria,Blechnaceae Newman
Saelania,Ditrichaceae Limpr.
Sagediopsis,Adelococcaceae Triebel
Sageretia,Rhamnaceae Juss.
Sagina,Gentianaceae Juss.
Sagiolechia,Gomphillaceae Walt. Watson
Sagittaria,Alismataceae Vent.
Sagotia,Fabaceae Lindl.
Sagraea,Melastomataceae Juss.
Sairocarpus,Scrophulariaceae Juss.
Salacca,Arecaceae Bercht. & J. Presl
Salacia,Celastraceae R. Br.
Salazaria,Lamiaceae Martinov
Salicornia,Chenopodiaceae Vent.
Salix,Salicaceae
Salmalia,Bombacaceae Kunth
Salmea,Asteraceae Bercht. & J. Presl
Salomonia,Liliaceae Juss.
Salpichroa,Solanaceae Juss.
Salpiglossis,Solanaceae Juss.
Salpingia,Onagraceae Juss.
Salpingostylis,Iridaceae Juss.
Salsola,Chenopodiaceae Vent.
Saltugilia,Polemoniaceae Juss.
Salvia,Lamiaceae Martinov
Salvinia,Salviniaceae Martinov
Samadera,Simaroubaceae DC.
Samanea,Fabaceae Lindl.
Sambucus,Caprifoliaceae Juss.
Samodia,Primulaceae Batsch
Samolus,Primulaceae Batsch
Samuela,Agavaceae Dumort.
Samyda,Flacourtiaceae Rich. ex DC.
Sanchezia,Acanthaceae Juss.
Sandoricum,Meliaceae Juss.
Sanguinaria,Papaveraceae Juss.
Sanguisorba,Rosaceae Juss.
Sanicula,Apiaceae Lindl.
Sanidophyllum,Clusiaceae Lindl.
Sanionia,Amblystegiaceae Kindb.
Sansevieria,Agavaceae Dumort.
Santalum,Santalaceae R. Br.
Santolina,Asteraceae Bercht. & J. Presl
Sanvitalia,Asteraceae Bercht. & J. Presl
Sapindus,Sapindaceae Juss.
Sapium,Euphorbiaceae Juss.
Saponaria,Caryophyllaceae Juss.
Sapota,Sapotaceae Juss.
Saracha,Solanaceae Juss.
Sarcanthopsis,Orchidaceae Juss.
Sarcobatus,Chenopodiaceae Vent.
Sarcocornia,Chenopodiaceae Vent.
Sarcodes,Monotropaceae Nutt.
Sarcographa,Graphidaceae Dumort.
Sarcogyne,Acarosporaceae Zahlbr.
Sarcolobus,Asclepiadaceae Borkh.
Sarcomphalus,Rhamnaceae Juss.
Sarcopygme,Rubiaceae Juss.
Sarcopyrenia,Uncertain Ascomycota Family
Sarcosagium,Acarosporaceae Zahlbr.
Sarcostemma,Asclepiadaceae Borkh.
Sarea,Agyriaceae Corda
Sargentia,Arecaceae Bercht. & J. Presl
Saribus,Arecaceae Bercht. & J. Presl
Saritaea,Bignoniaceae Juss.
Sarmenthypnum,Amblystegiaceae Kindb.
Sarmienta,Gesneriaceae Rich. & Juss.
Sarothamnus,Fabaceae Lindl.
Sarothra,Clusiaceae Lindl.
Sarracenia,Sarraceniaceae Dumort.
Sartwellia,Asteraceae Bercht. & J. Presl
Sasa,Poaceae Barnhart
Sassafras,Lauraceae
Sassia,Oxalidaceae R. Br.
Satureja,Lamiaceae Martinov
Sauropus,Euphorbiaceae Juss.
Saururus,Saururaceae Rich. ex T. Lestib.
Saussurea,Asteraceae Bercht. & J. Presl
Sauteria,Cleveaceae Cavers
Sauvagesia,Ochnaceae DC.
Savastana,Poaceae Barnhart
Savia,Euphorbiaceae Juss.
Saxegothaea,Podocarpaceae Endl.
Saxifraga,Rosaceae Juss.
Saxifragopsis,Saxifragaceae Juss.
Scabiosa,Dipsacaceae Juss.
Scabrethia,Asteraceae Bercht. & J. Presl
Scadoxus,Liliaceae Juss.
Scaevola,Goodeniaceae R. Br.
Scandix,Apiaceae Lindl.
Scapania,Scapaniaceae Mig.
Scaphyglottis,Orchidaceae Juss.
Sceptridium,Ophioglossaceae Martinov
Schadonia,Bacidiaceae Walt. Watson
Schaefferia,Celastraceae R. Br.
Schaereria,Schaereriaceae M. Choisy ex Hafellner
Schaueria,Acanthaceae Juss.
Schedonnardus,Poaceae Barnhart
Schedonorus,Poaceae Barnhart
Schefflera,Araliaceae Juss.
Schenkia,Gentianaceae Juss.
Scheuchzeria,Scheuchzeriaceae F. Rudolphi
Schiedea,Caryophyllaceae Juss.
Schiedeella,Orchidaceae Juss.
Schinopsis,Anacardiaceae R. Br.
Schinus,Anacardiaceae R. Br.
Schisandra,Schisandraceae Blume
Schismatomma,Opegraphaceae Stizenb.
Schismus,Poaceae Barnhart
Schistidium,Grimmiaceae Arn.
Schistophragma,Scrophulariaceae Juss.
Schistostega,Schistostegaceae Schimp.
Schizachne,Poaceae Barnhart
Schizachyrium,Poaceae Barnhart
Schizaea,Schizaeaceae Kaulf.
Schizanthus,Solanaceae Juss.
Schizococcus,Ericaceae Juss.
Schizolegnia,Dennstaedtiaceae Lotsy
Schizolobium,Fabaceae Lindl.
Schizomitrium,Callicostaceae H.A. Crum
Schizonotus,Rosaceae Juss.
Schizopelte,Roccellaceae Chevall.
Schizophragma,Hydrangeaceae Dumort.
Schizostachyum,Poaceae Barnhart
Schizostege,Pteridaceae E.D.M. Kirchn.
Schizostylis,Iridaceae Juss.
Schkuhria,Asteraceae Bercht. & J. Presl
Schlegelia,Bignoniaceae Juss.
Schleichera,Sapindaceae Juss.
Schleinitzia,Fabaceae Lindl.
Schlotheimia,Orthotrichaceae Arn.
Schlumbergera,Cactaceae Juss.
Schmaltzia,Anacardiaceae R. Br.
Schmidelia,Sapindaceae Juss.
Schmidtia,Poaceae Barnhart
Schobera,Boraginaceae Juss.
Schoberia,Chenopodiaceae Vent.
Schoenocaulon,Liliaceae Juss.
Schoenocrambe,Brassicaceae Burnett
Schoenolirion,Liliaceae Juss.
Schoenoplectiella,Cyperaceae Juss.
Schoenoplectus,Cyperaceae Juss.
Schoenoprasum,Liliaceae Juss.
Schoenus,Cyperaceae Juss.
Schoepfia,Olacaceae R. Br.
Schofieldia,Cephaloziaceae Mig.
Schradera,Rubiaceae Juss.
Schrankia,Fabaceae Lindl.
Schultesia,Gentianaceae Juss.
Schwalbea,Scrophulariaceae Juss.
Schwetschkeopsis,Myriniaceae Schimp.
Sciacassia,Fabaceae Lindl.
Sciaphila,Triuridaceae
Sciaromium,Amblystegiaceae Kindb.
Scilla,Liliaceae Juss.
Scindapsus,Araceae Juss.
Scirpodendron,Cyperaceae Juss.
Scirpoides,Cyperaceae Juss.
Scirpus,Cyperaceae Juss.
Scleranthus,Caryophyllaceae Juss.
Scleria,Cyperaceae Juss.
Sclerocactus,Cactaceae Juss.
Sclerocarpus,Asteraceae Bercht. & J. Presl
Sclerocarya,Anacardiaceae R. Br.
Sclerochloa,Poaceae Barnhart
Sclerolepis,Asteraceae Bercht. & J. Presl
Sclerolinon,Linaceae DC. ex Perleb
Sclerophora,Coniocybaceae Rchb.
Sclerophyton,Opegraphaceae Stizenb.
Scleropoa,Poaceae Barnhart
Scleropodium,Brachytheciaceae Schimp.
Scleropogon,Poaceae Barnhart
Sclerostachya,Poaceae Barnhart
Scoliciosporum,Lecanoraceae Körb.
Scoliopus,Liliaceae Juss.
Scolochloa,Poaceae Barnhart
Scolosanthus,Rubiaceae Juss.
Scolymus,Asteraceae Bercht. & J. Presl
Scoparia,Scrophulariaceae Juss.
Scopelophila,Pottiaceae Hampe
Scopolia,Solanaceae Juss.
Scopulophila,Caryophyllaceae Juss.
Scorpidium,Amblystegiaceae Kindb.
Scorpiurus,Fabaceae Lindl.
Scorzonella,Asteraceae Bercht. & J. Presl
Scorzonera,Asteraceae Bercht. & J. Presl
Scorzoneroides,Asteraceae Bercht. & J. Presl
Scouleria,Scouleriaceae S.P. Churchill
Scribneria,Poaceae Barnhart
Scrophularia,Scrophulariaceae Juss.
Scutellaria,Lamiaceae Martinov
Scutula,Micareaceae
Scybalium,Balanophoraceae Rich.
Scyphiphora,Rubiaceae Juss.
Searsia,Anacardiaceae R. Br.
Sebastiania,Euphorbiaceae Juss.
Sebesten,Boraginaceae Juss.
Secale,Poaceae Barnhart
Sechium,Cucurbitaceae Juss.
Secoligia,Gyalectaceae Stizenb.
Secula,Fabaceae Lindl.
Securidaca,Fabaceae Lindl.
Securigera,Fabaceae Lindl.
Securinega,Euphorbiaceae Juss.
Sedella,Crassulaceae J. St.-Hil.
Sedum,Crassulaceae J. St.-Hil.
Segestria,Trichotheliaceae Bittner & F. Schill.
Sehima,Poaceae Barnhart
Selaginella,Selaginellaceae Willk.
Selenia,Brassicaceae Burnett
Selenicereus,Cactaceae Juss.
Seligeria,Seligeriaceae Schimp.
Selinocarpus,Nyctaginaceae Juss.
Selinum,Apiaceae Lindl.
Selloa,Asteraceae Bercht. & J. Presl
Sematophyllum,Amblystegiaceae Kindb.
Semecarpus,Anacardiaceae R. Br.
Semiarundinaria,Poaceae Barnhart
Sempervivum,Crassulaceae J. St.-Hil.
Senecio,Asteraceae Bercht. & J. Presl
Senecioides,Asteraceae Bercht. & J. Presl
Senegalia,Fabaceae Lindl.
Senkenbergia,Nyctaginaceae Juss.
Senna,Fabaceae Lindl.
Sequoia,Cupressaceae
Sequoiadendron,Cupressaceae
Serapias,Orchidaceae Juss.
Serenoa,Arecaceae Bercht. & J. Presl
Serianthes,Fabaceae Lindl.
Sericocarpus,Asteraceae Bercht. & J. Presl
Sericotheca,Rosaceae Juss.
Serinia,Asteraceae Bercht. & J. Presl
Seriphidium,Asteraceae Bercht. & J. Presl
Serissa,Rubiaceae Juss.
Serjania,Sapindaceae Juss.
Serpocaulon,Polypodiaceae J. Presl & C. Presl
Serratula,Asteraceae Bercht. & J. Presl
Sesamum,Pedaliaceae R. Br.
Sesban,Fabaceae Lindl.
Sesbania,Fabaceae Lindl.
Seseli,Apiaceae Lindl.
Sesleria,Poaceae Barnhart
Sesuvium,Aizoaceae Martinov
Setaria,Poaceae Barnhart
Setariopsis,Poaceae Barnhart
Setcreasea,Commelinaceae Mirb.
Setiscapella,Lentibulariaceae Rich.
Seubertia,Liliaceae Juss.
Severinia,Rutaceae Juss.
Seymeria,Scrophulariaceae Juss.
Sharpiella,Hypnaceae Schimp.
Shepherdia,Elaeagnaceae Juss.
Sherardia,Rubiaceae Juss.
Sherwoodia,Diapensiaceae Lindl.
Shibataea,Poaceae Barnhart
Shinnersia,Asteraceae Bercht. & J. Presl
Shinnersoseris,Asteraceae Bercht. & J. Presl
Shirakiopsis,Euphorbiaceae Juss.
Shorea,Dipterocarpaceae Blume
Shortia,Diapensiaceae Lindl.
Shoshonea,Apiaceae Lindl.
Sibara,Brassicaceae Burnett
Sibaropsis,Brassicaceae Burnett
Sibbaldia,Rosaceae Juss.
Sibbaldiopsis,Rosaceae Juss.
Sicana,Cucurbitaceae Juss.
Sicyos,Cucurbitaceae Juss.
Sicyosperma,Cucurbitaceae Juss.
Sida,Malvaceae Juss.
Sidalcea,Malvaceae Juss.
Sidastrum,Malvaceae Juss.
Sideranthus,Asteraceae Bercht. & J. Presl
Sideritis,Lamiaceae Martinov
Sideroxylon,Sapotaceae Juss.
Sideroxylum,Sapotaceae Juss.
Sidopsis,Malvaceae Juss.
Sieglingia,Poaceae Barnhart
Siella,Apiaceae Lindl.
Sieversia,Rosaceae Juss.
Sigesbeckia,Asteraceae Bercht. & J. Presl
Sigridea,Roccellaceae Chevall.
Silene,Caryophyllaceae Juss.
Silphium,Asteraceae Bercht. & J. Presl
Silybum,Asteraceae Bercht. & J. Presl
Simarouba,Simaroubaceae DC.
Simmondsia,Simmondsiaceae Tiegh.
Simpsonia,Arecaceae Bercht. & J. Presl
Simsia,Asteraceae Bercht. & J. Presl
Sinapis,Brassicaceae Burnett
Sinningia,Gesneriaceae Rich. & Juss.
Sinocalamus,Poaceae Barnhart
Sinosenecio,Asteraceae Bercht. & J. Presl
Siphonanthus,Verbenaceae J. St.-Hil.
Siphonella,Polemoniaceae Juss.
Siphoneugena,Myrtaceae Juss.
Siphonia,Euphorbiaceae Juss.
Siphonoglossa,Acanthaceae Juss.
Siphonosmanthus,Oleaceae Hoffmanns. & Link
Siphonychia,Caryophyllaceae Juss.
Siphula,Uncertain Ascomycota Family
Sisymbrium,Brassicaceae
Sisyrinchium,Iridaceae Juss.
Sitanion,Poaceae Barnhart
Sitilias,Asteraceae Bercht. & J. Presl
Sitodium,Moraceae Gaudich.
Sium,Apiaceae Lindl.
Skimmia,Rutaceae Juss.
Skottsbergiliana,Cucurbitaceae Juss.
Skyttea,Odontotremataceae D. Hawksw. & Sherwood
Skyttella,Uncertain Ascomycota Family
Sloanea,Elaeocarpaceae Juss.
Smallanthus,Asteraceae Bercht. & J. Presl
Smelowskia,Brassicaceae Burnett
Smilacina,Liliaceae Juss.
Smilax,Smilacaceae Vent.
Smyrnium,Apiaceae Lindl.
Smythea,Rhamnaceae Juss.
Snowdenia,Poaceae Barnhart
Sobralia,Orchidaceae Juss.
Soja,Fabaceae Lindl.
Solandra,Solanaceae Juss.
Solanoa,Asclepiadaceae Borkh.
Solanum,Solanaceae Juss.
Soleirolia,Urticaceae Juss.
Solenospora,Bacidiaceae Walt. Watson
Solenostemon,Lamiaceae Martinov
Solidago,Asteraceae
Soliva,Asteraceae Bercht. & J. Presl
Sollya,Pittosporaceae R. Br.
Solmsiella,Erpodiaceae Broth.
Solorina,Peltigeraceae Dumort.
Solorinaria,Heppiaceae Zahlbr.
Solorinella,Solorinellaceae
Sonchus,Asteraceae Bercht. & J. Presl
Sonneratia,Sonneratiaceae Engl.
Sophia,Brassicaceae Burnett
Sophora,Fabaceae Lindl.
Sophronanthe,Scrophulariaceae Juss.
Sopubia,Scrophulariaceae Juss.
Sorbaria,Rosaceae Juss.
Sorbus,Rosaceae Juss.
Sorghastrum,Poaceae Barnhart
Sorghum,Poaceae Barnhart
Soulamea,Simaroubaceae DC.
Sparaxis,Iridaceae Juss.
Sparganium,Sparganiaceae Hanin
Spartina,Poaceae Barnhart
Spartium,Fabaceae Lindl.
Spathiger,Orchidaceae Juss.
Spathiphyllum,Araceae Juss.
Spathodea,Bignoniaceae Juss.
Spathoglottis,Orchidaceae Juss.
Spathularia,Saxifragaceae Juss.
Spathulata,Crassulaceae J. St.-Hil.
Spathyema,Araceae Juss.
Spatularia,Saxifragaceae Juss.
Specularia,Campanulaceae Juss.
Speerschneidera,Bacidiaceae Walt. Watson
Spergella,Caryophyllaceae Juss.
Spergula,Caryophyllaceae Juss.
Spergularia,Caryophyllaceae Juss.
Spergulastrum,Caryophyllaceae Juss.
Spermacoce,Rubiaceae Juss.
Spermolepis,Apiaceae Lindl.
Sphaeralcea,Malvaceae Juss.
Sphaerellothecium,Mycosphaerellaceae Lindau
Sphaeria,Pyrenulaceae Rabenh.
Sphaerocarpos,Sphaerocarpaceae Heeg
Sphaerocionium,Hymenophyllaceae Mart.
Sphaeromeria,Asteraceae Bercht. & J. Presl
Sphaerophorus,Sphaerophoraceae Fr.
Sphaerophysa,Fabaceae Lindl.
Sphaeropteris,Cyatheaceae Kaulf.
Sphaerosporoceros,Anthocerotaceae Dumort.
Sphaerostephanos,Thelypteridaceae Ching ex Pic. Serm.
Sphaerostigma,Onagraceae Juss.
Sphaerulina,Mycosphaerellaceae Lindau
Sphagneticola,Asteraceae Bercht. & J. Presl
Sphagnum,Sphagnaceae Dumort.
Sphenoclea,Sphenocleaceae T. Baskerv.
Sphenolobopsis,Jungermanniaceae Rchb.
Sphenomeris,Dennstaedtiaceae Lotsy
Sphenopholis,Poaceae Barnhart
Sphenosciadium,Apiaceae Lindl.
Sphenostigma,Iridaceae Juss.
Sphenostylis,Fabaceae Lindl.
Sphinctospermum,Fabaceae Lindl.
Sphinctrina,Sphinctrinaceae M. Choisy
Sphinctrinella,Mycocaliciaceae A.F.W. Schmidt
Spiesia,Fabaceae Lindl.
Spigelia,Loganiaceae R. Br. ex Mart.
Spilanthes,Asteraceae Bercht. & J. Presl
Spilonema,Coccocarpiaceae Henssen
Spinacia,Chenopodiaceae Vent.
Spinifex,Poaceae Barnhart
Spinulum,Lycopodiaceae P. Beauv. ex Mirb.
Spiracantha,Asteraceae Bercht. & J. Presl
Spiraea,Rosaceae Juss.
Spiraeanthus,Rosaceae Juss.
Spiranthes,Orchidaceae Juss.
Spirodela,Lemnaceae Martinov
Spironema,Commelinaceae Mirb.
Splachnobryum,Bryaceae Rchb.
Splachnum,Splachnaceae Grev. & Arn.
Spodiopogon,Poaceae Barnhart
Spondias,Anacardiaceae R. Br.
Sporastatia,Acarosporaceae Zahlbr.
Sporobolus,Poaceae Barnhart
Sporopodium,Ectolechiaceae Zahlbr.
Spraguea,Portulacaceae Dumort.
Sprekelia,Liliaceae Juss.
Squamarina,Bacidiaceae Walt. Watson
Stachydeoma,Lamiaceae Martinov
Stachys,Lamiaceae Martinov
Stachytarpheta,Verbenaceae J. St.-Hil.
Stackhousia,Stackhousiaceae R. Br.
Stahlia,Fabaceae Lindl.
Stanfordia,Brassicaceae Burnett
Stanleya,Brassicaceae Burnett
Stanleyella,Brassicaceae Burnett
Stapelia,Asclepiadaceae Borkh.
Stapfia,Poaceae Barnhart
Staphylea,Staphyleaceae Martinov
Starkea,Asteraceae Bercht. & J. Presl
Statice,Plumbaginaceae Juss.
Staurothele,Verrucariaceae Eschw.
Stebbinsoseris,Asteraceae Bercht. & J. Presl
Steerecleus,Brachytheciaceae Schimp.
Stegnosperma,Phytolaccaceae R. Br.
Stegonia,Pottiaceae Hampe
Steinchisma,Poaceae Barnhart
Steinia,Lecideaceae Chevall.
Steironema,Primulaceae Batsch
Stelechocarpus,Annonaceae Juss.
Stelis,Orchidaceae Juss.
Stellaria,Caryophyllaceae Juss.
Stellariomnium,Mniaceae Schwägr.
Stemmodontia,Asteraceae Bercht. & J. Presl
Stemodia,Scrophulariaceae Juss.
Stemonurus,Icacinaceae Miers
Stenactis,Asteraceae Bercht. & J. Presl
Stenandrium,Acanthaceae Juss.
Stenanthella,Liliaceae Juss.
Stenanthium,Liliaceae Juss.
Stenaria,Rubiaceae Juss.
Stenocarpus,Proteaceae Juss.
Stenocereus,Cactaceae Juss.
Stenochlaena,Dryopteridaceae Herter
Stenocybe,Mycocaliciaceae A.F.W. Schmidt
Stenogonum,Polygonaceae Juss.
Stenogyne,Lamiaceae Martinov
Stenolobium,Bignoniaceae Juss.
Stenomesson,Liliaceae Juss.
Stenophyllus,Cyperaceae Juss.
Stenorrhynchos,Orchidaceae Juss.
Stenosiphon,Onagraceae Juss.
Stenostomum,Rubiaceae Juss.
Stenotaphrum,Poaceae Barnhart
Stenotopsis,Asteraceae Bercht. & J. Presl
Stenotus,Asteraceae Bercht. & J. Presl
Stephanandra,Rosaceae Juss.
Stephanomeria,Asteraceae Bercht. & J. Presl
Sterculia,Sterculiaceae Vent.
Stereocaulon,Stereocaulaceae Chevall.
Stereophyllum,Stereophyllaceae W.R. Buck & Ireland
Sternbergia,Liliaceae Juss.
Stethoma,Acanthaceae Juss.
Stevia,Asteraceae Bercht. & J. Presl
Steviopsis,Asteraceae Bercht. & J. Presl
Stewartia,Theaceae Mirb.
Sticherus,Gleicheniaceae C. Presl
Sticta,Lobariaceae Chevall.
Stictocardia,Convolvulaceae Juss.
Stigmaphyllon,Malpighiaceae Juss.
Stigmidium,Mycosphaerellaceae Lindau
Stillingia,Euphorbiaceae Juss.
Stipa,Poaceae Barnhart
Stipagrostis,Poaceae Barnhart
Stiporyzopsis,Poaceae Barnhart
Stipulicida,Caryophyllaceae Juss.
Stirtonia,Arthoniaceae Rchb.
Stizolobium,Fabaceae Lindl.
Stokesia,Asteraceae Bercht. & J. Presl
Stokesiella,Brachytheciaceae Schimp.
Stomoisia,Lentibulariaceae Rich.
Strangospora,Acarosporaceae Zahlbr.
Stranvaesia,Rosaceae Juss.
Stratiotes,Hydrocharitaceae Juss.
Streblotrichum,Pottiaceae Hampe
Streblus,Moraceae Gaudich.
Strelitzia,Strelitziaceae
Streptanthella,Brassicaceae Burnett
Streptanthus,Brassicaceae Burnett
Streptocarpus,Gesneriaceae Rich. & Juss.
Streptopus,Liliaceae Juss.
Streptosolen,Solanaceae Juss.
Striga,Scrophulariaceae Juss.
Strigula,Strigulaceae A.B. Frank
Strobilanthes,Acanthaceae Juss.
Strobus,Pinaceae Spreng. ex Rudolphi
Stroganowia,Brassicaceae Burnett
Strombocarpa,Fabaceae Lindl.
Strongylodon,Fabaceae Lindl.
Strophanthus,Apocynaceae Juss.
Strophocaulos,Convolvulaceae Juss.
Strophostyles,Fabaceae Lindl.
Struchium,Asteraceae Bercht. & J. Presl
Strumpfia,Rubiaceae Juss.
Struthiopteris,Blechnaceae Newman
Strychnos,Loganiaceae R. Br. ex Mart.
Stryphnodendron,Fabaceae Lindl.
Stuckenia,Potamogetonaceae Bercht. & J. Presl
Stylisma,Convolvulaceae Juss.
Stylocline,Asteraceae Bercht. & J. Presl
Stylodon,Verbenaceae J. St.-Hil.
Stylogyne,Myrsinaceae R. Br.
Stylomecon,Papaveraceae Juss.
Stylopappus,Asteraceae Bercht. & J. Presl
Stylophorum,Papaveraceae Juss.
Stylophyllum,Crassulaceae J. St.-Hil.
Stylosanthes,Fabaceae Lindl.
Stylypus,Rosaceae Juss.
Styphelia,Epacridaceae R. Br.
Styphnolobium,Fabaceae Lindl.
Styrax,Styracaceae DC. & Spreng.
Suaeda,Chenopodiaceae Vent.
Subularia,Brassicaceae Burnett
Succisa,Dipsacaceae Juss.
Succisella,Dipsacaceae Juss.
Suckleya,Chenopodiaceae Vent.
Suksdorfia,Saxifragaceae Juss.
Sulcaria,Alectoriaceae F. Berchtold & J. Presl
Sullivantia,Saxifragaceae Juss.
Suriana,Surianaceae Arn.
Sutherlandia,Fabaceae Lindl.
Swainsona,Fabaceae Lindl.
Swallenia,Poaceae Barnhart
Swartzia,Solanaceae Juss.
Swertia,Gentianaceae Juss.
Swida,Cornaceae Bercht. & J. Presl
Swietenia,Meliaceae Juss.
Syagrus,Arecaceae Bercht. & J. Presl
Symblepharis,Dicranaceae Schimp.
Sympetaleia,Loasaceae Juss.
Symphoricarpos,Caprifoliaceae Juss.
Symphyotrichum,Asteraceae Bercht. & J. Presl
Symphysia,Ericaceae Juss.
Symphytum,Boraginaceae Juss.
Symplocarpus,Araceae Juss.
Symplocos,Symplocaceae Desf.
Synalissa,Lichinaceae Nyl.
Synandra,Lamiaceae Martinov
Syncarpia,Myrtaceae Juss.
Syndesmon,Ranunculaceae Juss.
Synechoblastus,Collemataceae Zenker
Synedrella,Asteraceae Bercht. & J. Presl
Synedrellopsis,Asteraceae Bercht. & J. Presl
Synelcosciadium,Apiaceae Lindl.
Syngonanthus,Eriocaulaceae Martinov
Syngonium,Araceae Juss.
Syngramma,Pteridaceae E.D.M. Kirchn.
Synosma,Asteraceae Bercht. & J. Presl
Synsepalum,Sapotaceae Juss.
Syntherisma,Poaceae Barnhart
Synthlipsis,Brassicaceae Burnett
Synthyris,Scrophulariaceae Juss.
Syntrichia,Pottiaceae Hampe
Syntrichopappus,Asteraceae Bercht. & J. Presl
Syringa,Oleaceae Hoffmanns. & Link
Syringodium,Cymodoceaceae Vines
Syrrhopodon,Calymperaceae Kindb.
Systenotheca,Polygonaceae Juss.
Syzygium,Myrtaceae Juss.
Syzygospora,Syzygosporaceae Jülich
Szczawinskia,Uncertain Ascomycota Family
Tabebuia,Bignoniaceae Juss.
Tabernaemontana,Apocynaceae Juss.
Tacca,Taccaceae Dumort.
Tacsonia,Passifloraceae Juss. ex Roussel
Taeniatherum,Poaceae Barnhart
Taenidia,Apiaceae Lindl.
Taeniophyllum,Orchidaceae Juss.
Taenitis,Pteridaceae E.D.M. Kirchn.
Tagetes,Asteraceae Bercht. & J. Presl
Takakia,Takakiaceae M. Stech & W. Frey
Talinopsis,Portulacaceae Dumort.
Talinum,Portulacaceae Dumort.
Talipariti,Malvaceae Juss.
Talisia,Sapindaceae Juss.
Tamala,Lauraceae Juss.
Tamarindus,Fabaceae Lindl.
Tamarix,Tamaricaceae Link
Tamaulipa,Asteraceae Bercht. & J. Presl
Tamonea,Verbenaceae J. St.-Hil.
Tanacetum,Asteraceae Bercht. & J. Presl
Taonabo,Theaceae Mirb.
Tapeinidium,Dennstaedtiaceae Lotsy
Tapellaria,Ectolechiaceae Zahlbr.
Taraktogenos,Flacourtiaceae Rich. ex DC.
Taralea,Fabaceae Lindl.
Taraxacum,Asteraceae Bercht. & J. Presl
Taraxia,Onagraceae Juss.
Tarenaya,Capparaceae Juss.
Tarenna,Rubiaceae Juss.
Targionia,Notothyladaceae Müll. Frib. ex Prosk.
Tauschia,Apiaceae Lindl.
Taxilejeunea,Lejeuneaceae Rostovzev
Taxiphyllum,Hylocomiaceae M. Fleisch.
Taxithelium,Sematophyllaceae Broth.
Taxodium,Cupressaceae Gray
Taxus,Taxaceae
Tayloria,Splachnaceae Grev. & Arn.
Tecoma,Bignoniaceae Juss.
Tecomanthe,Bignoniaceae Juss.
Tecomaria,Bignoniaceae Juss.
Tectaria,Dryopteridaceae Herter
Tectona,Verbenaceae J. St.-Hil.
Teesdalia,Brassicaceae Burnett
Telaranea,Lepidoziaceae Limpr.
Telesonix,Saxifragaceae Juss.
Telfairia,Cucurbitaceae Juss.
Teline,Fabaceae Lindl.
Teliostachya,Acanthaceae Juss.
Tellima,Saxifragaceae Juss.
Teloschistes,Bacidiaceae Walt. Watson
Telosiphonia,Apocynaceae Juss.
Telosma,Asclepiadaceae Borkh.
Teloxys,Chenopodiaceae Vent.
Tephromela,Bacidiaceae Walt. Watson
Tephroseris,Asteraceae Bercht. & J. Presl
Tephrosia,Fabaceae Lindl.
Tepion,Asteraceae Bercht. & J. Presl
Teramnus,Fabaceae Lindl.
Terania,Scrophulariaceae Juss.
Terebraria,Rubiaceae Juss.
Terminalia,Combretaceae R. Br.
Ternstroemia,Theaceae Mirb.
Terrellia,Poaceae Barnhart
Terrelymus,Poaceae Barnhart
Tessaria,Asteraceae Bercht. & J. Presl
Tesseranthium,Gentianaceae Juss.
Tetracarpidium,Euphorbiaceae Juss.
Tetrachne,Poaceae Barnhart
Tetraclea,Lamiaceae Martinov
Tetraclinis,Cupressaceae Gray
Tetracoccus,Euphorbiaceae Juss.
Tetradium,Rutaceae Juss.
Tetradymia,Asteraceae Bercht. & J. Presl
Tetragamestus,Orchidaceae Juss.
Tetragastris,Burseraceae Kunth
Tetragonia,Aizoaceae Martinov
Tetragonolobus,Fabaceae Lindl.
Tetragonotheca,Asteraceae Bercht. & J. Presl
Tetralophozia,Jungermanniaceae Rchb.
Tetramerium,Acanthaceae Juss.
Tetramicra,Orchidaceae Juss.
Tetramolopium,Asteraceae Bercht. & J. Presl
Tetraneuris,Asteraceae Bercht. & J. Presl
Tetranthera,Lauraceae Juss.
Tetrapanax,Araliaceae Juss.
Tetraphis,Tetraphidaceae Schimp.
Tetraplasandra,Araliaceae Juss.
Tetraplodon,Splachnaceae Grev. & Arn.
Tetrapogon,Poaceae Barnhart
Tetrapterys,Malpighiaceae Juss.
Tetrastigma,Vitaceae Juss.
Tetrazygia,Melastomataceae Juss.
Tetrodontium,Tetraphidaceae Schimp.
Tetrorum,Crassulaceae J. St.-Hil.
Teucrium,Lamiaceae Martinov
Texosporium,Caliciaceae Chevall.
Thacla,Ranunculaceae Juss.
Thalassia,Hydrocharitaceae Juss.
Thalassodendron,Cymodoceaceae Vines
Thalesia,Orobanchaceae Vent.
Thalia,Marantaceae R. Br.
Thalictrum,Ranunculaceae Juss.
Thamnium,Thamnobryaceae Margad. & During
Thamnobryum,Thamnobryaceae Margad. & During
Thamnogala,Phyllachoraceae Theiss. & P. Syd.
Thamnolia,Uncertain Ascomycota Family
Thamnosma,Rutaceae Juss.
Thaspium,Apiaceae Lindl.
Thaumastochloa,Poaceae Barnhart
Thaumatococcus,Marantaceae R. Br.
Thea,Theaceae Mirb.
Thecagonum,Rubiaceae Juss.
Thecophyllum,Bromeliaceae Juss.
Thelechitonia,Asteraceae Bercht. & J. Presl
Thelenella,Thelenellaceae O.E. Erikss. ex H. Mayrhofer
Thelesperma,Asteraceae Bercht. & J. Presl
Thelia,Theliaceae M. Fleisch.
Thelidium,Verrucariaceae Eschw.
Thelignya,Lichinaceae Nyl.
Thellungiella,Brassicaceae Burnett
Thelocactus,Cactaceae Juss.
Thelocarpon,Acarosporaceae Zahlbr.
Thelomma,Caliciaceae Chevall.
Thelopsis,Stictidaceae Fr.
Thelotrema,Thelotremataceae Stizenb.
Thelypodiopsis,Brassicaceae Burnett
Thelypodium,Brassicaceae Burnett
Thelypteris,Dryopteridaceae Herter
Themeda,Poaceae Barnhart
Theobroma,Sterculiaceae Vent.
Thermopsis,Fabaceae Lindl.
Thermutis,Lichinaceae Nyl.
Therofon,Saxifragaceae Juss.
Thesium,Santalaceae R. Br.
Thespesia,Malvaceae Juss.
Thevetia,Apocynaceae Juss.
Thibaudia,Ericaceae Juss.
Thinopyrum,Poaceae Barnhart
Thismia,Burmanniaceae Blume
Thladiantha,Cucurbitaceae Juss.
Thlaspi,Brassicaceae Burnett
Tholurna,Caliciaceae Chevall.
Thoracostachyum,Cyperaceae Juss.
Thouinia,Sapindaceae Juss.
Thrinax,Arecaceae Bercht. & J. Presl
Thrincoma,Arecaceae Bercht. & J. Presl
Thrombium,Thrombiaceae
Thryallis,Malpighiaceae Juss.
Thuarea,Poaceae Barnhart
Thuidium,Helodiaceae Ochyra
Thuja,Cupressaceae
Thunbergia,Acanthaceae Juss.
Thurberia,Malvaceae Juss.
Thurovia,Asteraceae Bercht. & J. Presl
Thyana,Sapindaceae Juss.
Thyella,Convolvulaceae Juss.
Thymelaea,Thymelaeaceae Juss.
Thymophylla,Asteraceae Bercht. & J. Presl
Thymus,Lamiaceae Martinov
Thyrea,Lichinaceae Nyl.
Thyridolepis,Poaceae Barnhart
Thyrsacanthus,Acanthaceae Juss.
Thyrsanthella,Apocynaceae Juss.
Thysanella,Polygonaceae Juss.
Thysanocarpus,Brassicaceae Burnett
Thysanolaena,Poaceae Barnhart
Tiarella,Saxifragaceae Juss.
Tiaridium,Boraginaceae Juss.
Tibouchina,Melastomataceae Juss.
Ticanto,Fabaceae Lindl.
Tichothecium,Verrucariaceae Eschw.
Tidestromia,Amaranthaceae Martinov
Tiedemannia,Apiaceae Lindl.
Tigridia,Iridaceae Juss.
Tilia,Tiliaceae Juss.
Tilingia,Apiaceae Lindl.
Tillaea,Crassulaceae J. St.-Hil.
Tillaeastrum,Crassulaceae J. St.-Hil.
Tillandsia,Bromeliaceae Juss.
Timmia,Timmiaceae Schimp.
Timmiella,Pottiaceae Hampe
Timonius,Rubiaceae Juss.
Tinantia,Commelinaceae Mirb.
Tiniaria,Polygonaceae Juss.
Tipuana,Fabaceae Lindl.
Tipularia,Orchidaceae Juss.
Tiquilia,Boraginaceae
Tiquiliopsis,Boraginaceae Juss.
Tissa,Caryophyllaceae Juss.
Tithonia,Asteraceae Bercht. & J. Presl
Tithymalopsis,Euphorbiaceae Juss.
Tithymalus,Euphorbiaceae Juss.
Tium,Fabaceae Lindl.
Tofieldia,Liliaceae Juss.
Tolmachevia,Crassulaceae J. St.-Hil.
Tolmiea,Saxifragaceae Juss.
Tolpis,Asteraceae Bercht. & J. Presl
Tolumnia,Orchidaceae Juss.
Tomanthera,Scrophulariaceae Juss.
Tomasellia,Arthopyreniaceae Walt. Watson
Tomenthypnum,Amblystegiaceae Kindb.
Tomentypnum,Amblystegiaceae Kindb.
Tomophyllum,Grammitidaceae Newman
Tonella,Scrophulariaceae Juss.
Tonestus,Asteraceae Bercht. & J. Presl
Toninia,Catillariaceae Hafellner
Tontanea,Rubiaceae Juss.
Toona,Meliaceae Juss.
Topelia,Stictidaceae Fr.
Tordylium,Apiaceae Lindl.
Torenia,Scrophulariaceae Juss.
Torilis,Apiaceae Lindl.
Tornabea,Physciaceae Zahlbr.
Torralbasia,Celastraceae R. Br.
Torresia,Poaceae Barnhart
Torreya,Taxaceae Gray
Torreyochloa,Poaceae Barnhart
Torrubia,Nyctaginaceae Juss.
Tortella,Pottiaceae Hampe
Tortipes,Liliaceae Juss.
Tortula,Rhachitheciaceae H. Rob.
Torularia,Brassicaceae Burnett
Torulinium,Cyperaceae Juss.
Touchardia,Urticaceae Juss.
Toumeya,Cactaceae Juss.
Tournefortia,Boraginaceae Juss.
Tovara,Polygonaceae Juss.
Tovaria,Liliaceae Juss.
Townsendia,Asteraceae Bercht. & J. Presl
Toxicodendron,Anacardiaceae R. Br.
Toxicoscordion,Liliaceae Juss.
Toxylon,Moraceae Gaudich.
Tracaulon,Polygonaceae Juss.
Trachelospermum,Apocynaceae Juss.
Trachybryum,Brachytheciaceae Schimp.
Trachycarpus,Arecaceae Bercht. & J. Presl
Trachycystis,Mniaceae Schwägr.
Trachylobium,Fabaceae Lindl.
Trachynia,Poaceae Barnhart
Trachyphytum,Loasaceae Juss.
Trachypogon,Poaceae Barnhart
Trachypus,Meteoriaceae Kindb.
Trachyspermum,Apiaceae Lindl.
Trachyxiphium,Callicostaceae H.A. Crum
Tracyanthus,Liliaceae Juss.
Tracyina,Asteraceae Bercht. & J. Presl
Tradescantella,Commelinaceae Mirb.
Tradescantia,Commelinaceae Mirb.
Tragia,Euphorbiaceae Juss.
Tragiola,Scrophulariaceae Juss.
Tragopogon,Asteraceae Bercht. & J. Presl
Tragus,Poaceae Barnhart
Transberingia,Brassicaceae Burnett
Trapa,Trapaceae Dumort.
Trapelia,Trapeliaceae M. Choisy ex Hertel
Trapeliopsis,Trapeliaceae M. Choisy ex Hertel
Trautvetteria,Ranunculaceae Juss.
Treculia,Moraceae Gaudich.
Trema,Ulmaceae Mirb.
Trematodon,Bruchiaceae Schimp.
Trematolobelia,Campanulaceae Juss.
Trembleya,Melastomataceae Juss.
Tremella,Tremellaceae Fr.
Tremolecia,Porpidiaceae Hertel & Hafellner
Trepocarpus,Apiaceae Lindl.
Triadenum,Clusiaceae Lindl.
Triadica,Euphorbiaceae Juss.
Triantha,Liliaceae Juss.
Trianthema,Aizoaceae Martinov
Tribolium,Poaceae Barnhart
Tribulus,Zygophyllaceae R. Br.
Tricardia,Hydrophyllaceae R. Br.
Tricera,Buxaceae Dumort.
Tricerma,Celastraceae R. Br.
Trichachne,Poaceae Barnhart
Trichantha,Gesneriaceae Rich. & Juss.
Tricharia,Gomphillaceae Walt. Watson
Trichilia,Meliaceae Juss.
Trichiogramme,Pteridaceae E.D.M. Kirchn.
Trichipteris,Cyatheaceae Kaulf.
Trichloris,Poaceae Barnhart
Trichocentrum,Orchidaceae Juss.
Trichocereus,Cactaceae Juss.
Trichocolea,Trichocoleaceae Nakai
Trichocoronis,Asteraceae Bercht. & J. Presl
Trichodon,Ditrichaceae Limpr.
Trichoglottis,Orchidaceae Juss.
Tricholaena,Poaceae Barnhart
Tricholepis,Meteoriaceae Kindb.
Trichomanes,Hymenophyllaceae Mart.
Trichoneura,Poaceae Barnhart
Trichophorum,Cyperaceae Juss.
Trichophyllum,Cyperaceae Juss.
Trichoptilium,Asteraceae Bercht. & J. Presl
Trichoramalina,Ramalinaceae C. Agardh
Trichosalpinx,Orchidaceae Juss.
Trichosanthes,Cucurbitaceae Juss.
Trichospermum,Tiliaceae Juss.
Trichostema,Lamiaceae Martinov
Trichostigma,Phytolaccaceae R. Br.
Trichostomopsis,Pottiaceae Hampe
Trichostomum,Pottiaceae Hampe
Trichothelium,Trichotheliaceae Bittner & F. Schill.
Triclinium,Apiaceae Lindl.
Triclisperma,Polygalaceae Hoffmanns. & Link
Tricyrtis,Liliaceae Juss.
Tridax,Asteraceae Bercht. & J. Presl
Tridens,Poaceae Barnhart
Trientalis,Primulaceae Batsch
Trifolium,Fabaceae Lindl.
Trifurcia,Iridaceae Juss.
Triglochin,Juncaginaceae Rich.
Trigonella,Fabaceae Lindl.
Trilisa,Asteraceae Bercht. & J. Presl
Trillium,Liliaceae Juss.
Trimezia,Iridaceae Juss.
Trimmatothele,Verrucariaceae Eschw.
Trimorpha,Asteraceae Bercht. & J. Presl
Triodanis,Campanulaceae Juss.
Triodia,Poaceae Barnhart
Trionum,Malvaceae Juss.
Triorchos,Orchidaceae Juss.
Triosteum,Caprifoliaceae Juss.
Triphasia,Rutaceae Juss.
Triphora,Orchidaceae Juss.
Triphysaria,Scrophulariaceae Juss.
Tripidium,Poaceae Barnhart
Triplaris,Polygonaceae Juss.
Triplasis,Poaceae Barnhart
Tripleurospermum,Asteraceae Bercht. & J. Presl
Triplophyllum,Dryopteridaceae Herter
Tripodion,Fabaceae Lindl.
Tripogandra,Commelinaceae Mirb.
Tripogon,Poaceae Barnhart
Tripolium,Asteraceae Bercht. & J. Presl
Tripsacum,Poaceae Barnhart
Tripterocalyx,Nyctaginaceae Juss.
Tripterocladium,Hypnaceae Schimp.
Triquetrella,Pottiaceae Hampe
Triraphis,Poaceae Barnhart
Trisetobromus,Poaceae Barnhart
Trisetum,Poaceae Barnhart
Trismeria,Pteridaceae E.D.M. Kirchn.
Tristagma,Liliaceae Juss.
Tristania,Myrtaceae Juss.
Tristaniopsis,Myrtaceae Juss.
Tristellateia,Malpighiaceae Juss.
Tristiropsis,Sapindaceae Juss.
Triteleia,Liliaceae Juss.
Triteleiopsis,Liliaceae Juss.
Triticosecale,Poaceae Barnhart
Triticum,Poaceae Barnhart
Tritomaria,Jungermanniaceae Rchb.
Tritonia,Iridaceae Juss.
Triumfetta,Tiliaceae Juss.
Trixis,Asteraceae Bercht. & J. Presl
Trollius,Ranunculaceae Juss.
Trommsdorffia,Amaranthaceae Martinov
Tropaeolum,Tropaeolaceae Juss. ex DC.
Trophis,Moraceae Gaudich.
Tropidia,Orchidaceae Juss.
Tropidocarpum,Brassicaceae Burnett
Troximon,Asteraceae Bercht. & J. Presl
Truellum,Polygonaceae Juss.
Trypethelium,Trypetheliaceae Eschw.
Tryphane,Caryophyllaceae Juss.
Tsuga,Pinaceae
Tuberaria,Cistaceae Juss.
Tubiflora,Acanthaceae Juss.
Tuckermannia,Asteraceae Bercht. & J. Presl
Tuckermannopsis,Parmeliaceae F. Berchtold & J. Presl
Tuctoria,Poaceae Barnhart
Tuerckheimia,Pottiaceae Hampe
Tulipa,Liliaceae Juss.
Tulipastrum,Magnoliaceae Juss.
Tumamoca,Cucurbitaceae Juss.
Tumion,Taxaceae Gray
Tunica,Caryophyllaceae Juss.
Tupa,Campanulaceae Juss.
Turbina,Convolvulaceae Juss.
Turbinicarpus,Cactaceae Juss.
Turgenia,Apiaceae Lindl.
Turgidosculum,Mastodiaceae Zahlbr.
Turnera,Turneraceae Kunth ex DC.
Turpinia,Staphyleaceae Martinov
Turricula,Hydrophyllaceae R. Br.
Turritis,Brassicaceae Burnett
Tussilago,Asteraceae Bercht. & J. Presl
Twisselmannia,Brassicaceae Burnett
Tylophora,Asclepiadaceae Borkh.
Tylophoron,Uncertain Ascomycota Family
Tylosema,Fabaceae Lindl.
Tylothallia,Lecanoraceae Körb.
Tynanthus,Bignoniaceae Juss.
Typha,Typhaceae Juss.
Typhalea,Malvaceae Juss.
Typhonium,Araceae Juss.
Tyria,Euphorbiaceae Juss.
Ugni,Myrtaceae Juss.
Ulex,Fabaceae Lindl.
Ullucus,Basellaceae Raf.
Ulmus,Ulmaceae
Ulota,Orthotrichaceae Arn.
Ulva,Ulvaceae
Umbellularia,Lauraceae Juss.
Umbilicaria,Umbilicariaceae Chevall.
Unamia,Asteraceae Bercht. & J. Presl
Uncaria,Rubiaceae Juss.
Uncinia,Cyperaceae Juss.
Ungnadia,Sapindaceae Juss.
Unifolium,Liliaceae Juss.
Uniola,Poaceae Barnhart
Urachne,Poaceae Barnhart
Uralepis,Poaceae Barnhart
Uraria,Fabaceae Lindl.
Urceolaria,Thelotremataceae Stizenb.
Urechites,Apocynaceae Juss.
Urena,Malvaceae Juss.
Urera,Urticaceae Juss.
Urginea,Liliaceae Juss.
Urochloa,Poaceae Barnhart
Uropappus,Asteraceae Bercht. & J. Presl
Urospermum,Asteraceae Bercht. & J. Presl
Urostachys,Lycopodiaceae P. Beauv. ex Mirb.
Urtica,Urticaceae Juss.
Urticastrum,Urticaceae Juss.
Urvillea,Sapindaceae Juss.
Usnea,Parmeliaceae F. Berchtold & J. Presl
Utricularia,Lentibulariaceae Rich.
Uva-ursi,Ericaceae Juss.
Uvaria,Annonaceae Juss.
Uvularia,Liliaceae Juss.
Vaccaria,Caryophyllaceae Juss.
Vaccinium,Ericaceae Juss.
Vachellia,Fabaceae Lindl.
Vagnera,Liliaceae Juss.
Vahlodea,Poaceae Barnhart
Vaillantia,Rubiaceae Juss.
Valantia,Rubiaceae Juss.
Valeriana,Valerianaceae Batsch
Valerianella,Valerianaceae Batsch
Valerianoides,Verbenaceae J. St.-Hil.
Validallium,Liliaceae Juss.
Vallesia,Apocynaceae Juss.
Vallisneria,Hydrocharitaceae Juss.
Valota,Poaceae Barnhart
Vanclevea,Asteraceae Bercht. & J. Presl
Vancouveria,Berberidaceae Juss.
Vanda,Orchidaceae Juss.
Vandellia,Scrophulariaceae Juss.
Vandenboschia,Hymenophyllaceae Mart.
Vandopsis,Orchidaceae Juss.
Vangueria,Rubiaceae Juss.
Vanilla,Orchidaceae Juss.
Varicellaria,Pertusariaceae Körb.
Varilla,Asteraceae Bercht. & J. Presl
Varronia,Boraginaceae Juss.
Vaseyochloa,Poaceae Barnhart
Vateria,Dipterocarpaceae Blume
Vaupesia,Euphorbiaceae Juss.
Vauquelinia,Rosaceae Juss.
Velezia,Caryophyllaceae Juss.
Venegasia,Asteraceae Bercht. & J. Presl
Venidium,Asteraceae Bercht. & J. Presl
Ventenata,Poaceae Barnhart
Ventilago,Rhamnaceae Juss.
Venturiella,Erpodiaceae Broth.
Veratrum,Liliaceae Juss.
Verbascum,Scrophulariaceae Juss.
Verbena,Verbenaceae J. St.-Hil.
Verbesina,Asteraceae Bercht. & J. Presl
Vermilacinia,Ramalinaceae C. Agardh
Vernicia,Euphorbiaceae Juss.
Vernonia,Asteraceae Bercht. & J. Presl
Veronica,Scrophulariaceae Juss.
Veronicastrum,Scrophulariaceae Juss.
Verrucaria,Pyrenulaceae Rabenh.
Vesicaria,Brassicaceae Burnett
Vesicarpa,Asteraceae Bercht. & J. Presl
Vesicularia,Hypnaceae Schimp.
Vesiculina,Lentibulariaceae Rich.
Vestergrenopsis,Placynthiaceae E. Dahl
Vetiveria,Poaceae Barnhart
Vexibia,Fabaceae Lindl.
Vezdaea,Vezdaeaceae
Viburnum,Caprifoliaceae Juss.
Vicia,Fabaceae
Vicoa,Asteraceae Bercht. & J. Presl
Victoria,Nymphaeaceae Salisb.
Vigna,Fabaceae Lindl.
Viguiera,Asteraceae Bercht. & J. Presl
Vilfa,Poaceae Barnhart
Villadia,Crassulaceae J. St.-Hil.
Villarsia,Menyanthaceae Dumort.
Vinca,Apocynaceae Juss.
Vincetoxicum,Asclepiadaceae Borkh.
Viola,Violaceae Batsch
Viorna,Ranunculaceae Juss.
Virgilia,Fabaceae Lindl.
Virgulaster,Asteraceae Bercht. & J. Presl
Virgulus,Asteraceae Bercht. & J. Presl
Virola,Myristicaceae R. Br.
Viscaria,Caryophyllaceae Juss.
Viscum,Viscaceae Batsch
Visnaga,Apiaceae Lindl.
Vitellaria,Sapotaceae Juss.
Vitex,Verbenaceae J. St.-Hil.
Viticella,Ranunculaceae Juss.
Viticipremna,Verbenaceae J. St.-Hil.
Vitis,Vitaceae Juss.
Vittadinia,Asteraceae Bercht. & J. Presl
Vittaria,Vittariaceae Ching
Voandzeia,Fabaceae Lindl.
Voitia,Splachnaceae Grev. & Arn.
Volkameria,Verbenaceae J. St.-Hil.
Vossia,Poaceae Barnhart
Vouauxiella,Uncertain Ascomycota Family
Vouauxiomyces,Uncertain Ascomycota Family
Voyria,Gentianaceae Juss.
Vriesea,Bromeliaceae Juss.
Vrydagzynea,Orchidaceae Juss.
Vulpia,Poaceae Barnhart
Vulpicida,Parmeliaceae F. Berchtold & J. Presl
Wahlbergella,Caryophyllaceae Juss.
Wahlenbergia,Campanulaceae Juss.
Waldsteinia,Rosaceae Juss.
Wallenia,Myrsinaceae R. Br.
Wallia,Juglandaceae DC. ex Perleb
Waltheria,Sterculiaceae Vent.
Warea,Brassicaceae Burnett
Warnockia,Lamiaceae Martinov
Warnstorfia,Amblystegiaceae Kindb.
Warscewiczella,Orchidaceae Juss.
Wasabia,Brassicaceae Burnett
Washingtonia,Arecaceae Bercht. & J. Presl
Watsonia,Iridaceae Juss.
Waynea,Bacidiaceae Walt. Watson
Weberaster,Asteraceae Bercht. & J. Presl
Websteria,Cyperaceae Juss.
Wedelia,Asteraceae Bercht. & J. Presl
Weigela,Caprifoliaceae Juss.
Weinmannia,Cunoniaceae R. Br.
Weissia,Pottiaceae Hampe
Werauhia,Bromeliaceae Juss.
Whipplea,Hydrangeaceae Dumort.
Whiteochloa,Poaceae Barnhart
Whitneya,Asteraceae Bercht. & J. Presl
Wiborgia,Fabaceae Lindl.
Wigandia,Hydrophyllaceae R. Br.
Wigginsia,Cactaceae Juss.
Wijkia,Sematophyllaceae Broth.
Wikstroemia,Thymelaeaceae Juss.
Wilcoxia,Cactaceae Juss.
Wilhelmsia,Caryophyllaceae Juss.
Wilkesia,Asteraceae Bercht. & J. Presl
Willkommia,Poaceae Barnhart
Willoughbya,Asteraceae Bercht. & J. Presl
Wislizenia,Capparaceae Juss.
Wissadula,Malvaceae Juss.
Wisteria,Fabaceae Lindl.
Withania,Solanaceae Juss.
Wittmackia,Bromeliaceae Juss.
Wolffia,Lemnaceae Martinov
Wolffiella,Lemnaceae Martinov
Wolffiopsis,Lemnaceae Martinov
Wollastonia,Asteraceae Bercht. & J. Presl
Woodsia,Dryopteridaceae Herter
Woodwardia,Blechnaceae Newman
Wootonella,Asteraceae Bercht. & J. Presl
Wulfenia,Scrophulariaceae Juss.
Wullschlaegelia,Orchidaceae Juss.
Wyethia,Asteraceae
Xanthisma,Asteraceae Bercht. & J. Presl
Xanthium,Asteraceae Bercht. & J. Presl
Xanthocephalum,Asteraceae Bercht. & J. Presl
Xanthoceras,Sapindaceae Juss.
Xanthocyparis,Cupressaceae Gray
Xanthoparmelia,Parmeliaceae F. Berchtold & J. Presl
Xanthopsora,Catillariaceae Hafellner
Xanthopsorella,Catillariaceae Hafellner
Xanthorhiza,Ranunculaceae Juss.
Xanthoria,Teloschistaceae Zahlbr.
Xanthosoma,Araceae Juss.
Xanthoxalis,Oxalidaceae R. Br.
Xeniatrum,Liliaceae Juss.
Xenostegia,Convolvulaceae Juss.
Xeranthemum,Asteraceae Bercht. & J. Presl
Xerochrysum,Asteraceae Bercht. & J. Presl
Xerophyllum,Liliaceae Juss.
Ximenesia,Asteraceae Bercht. & J. Presl
Ximenia,Olacaceae R. Br.
Xiphidium,Haemodoraceae R. Br.
Xiphion,Iridaceae Juss.
Xiphocarpus,Fabaceae Lindl.
Xiphopteris,Grammitidaceae Newman
Xolantha,Cistaceae Juss.
Xolisma,Ericaceae Juss.
Xylobium,Orchidaceae Juss.
Xylocarpus,Meliaceae Juss.
Xylococcus,Ericaceae Juss.
Xylographa,Agyriaceae Corda
Xylophacos,Fabaceae Lindl.
Xylophylla,Euphorbiaceae Juss.
Xylopia,Annonaceae Juss.
Xylorhiza,Asteraceae Bercht. & J. Presl
Xylosma,Flacourtiaceae Rich. ex DC.
Xylosteon,Caprifoliaceae Juss.
Xylosteum,Caprifoliaceae Juss.
Xylothamia,Asteraceae Bercht. & J. Presl
Xyris,Xyridaceae C. Agardh
Yabea,Apiaceae Lindl.
Yeatesia,Acanthaceae Juss.
Yermo,Asteraceae Bercht. & J. Presl
Youngia,Asteraceae Bercht. & J. Presl
Yucca,Agavaceae Dumort.
Zahlbrucknerella,Lichinaceae Nyl.
Zaluzania,Asteraceae Bercht. & J. Presl
Zamia,Zamiaceae Horan.
Zamzela,Chrysobalanaceae R. Br.
Zannichellia,Zannichelliaceae Chevall.
Zantedeschia,Araceae Juss.
Zanthoxylum,Rutaceae Juss.
Zapoteca,Fabaceae Lindl.
Zauschneria,Onagraceae Juss.
Zea,Poaceae
Zebrina,Commelinaceae Mirb.
Zehneria,Cucurbitaceae Juss.
Zelkova,Ulmaceae Mirb.
Zelometeorium,Meteoriaceae Kindb.
Zeltnera,Gentianaceae Juss.
Zenobia,Ericaceae Juss.
Zephyranthes,Liliaceae Juss.
Zeuxine,Orchidaceae Juss.
Zexmenia,Asteraceae Bercht. & J. Presl
Zigadenus,Liliaceae Juss.
Zingeria,Poaceae Barnhart
Zingiber,Zingiberaceae Martinov
Zinnia,Asteraceae Bercht. & J. Presl
Zizania,Poaceae Barnhart
Zizaniopsis,Poaceae Barnhart
Zizia,Apiaceae Lindl.
Ziziphora,Lamiaceae Martinov
Ziziphus,Rhamnaceae Juss.
Zollikoferia,Asteraceae Bercht. & J. Presl
Zornia,Fabaceae Lindl.
Zostera,Zosteraceae Dumort.
Zosterella,Pontederiaceae Kunth
Zoysia,Poaceae Barnhart
Zuckia,Chenopodiaceae Vent.
Zwackhiomyces,Uncertain Ascomycota Family
Zygocactus,Cactaceae Juss.
Zygodon,Orthotrichaceae Arn.
Zygophlebia,Grammitidaceae Newman
Zygophyllidium,Euphorbiaceae Juss.
Zygophyllum,Zygophyllaceae R. Br.
×Achnella,Poaceae Barnhart
×Agroelymus,Poaceae Barnhart
×Agrohordeum,Poaceae Barnhart
×Agropogon,Poaceae Barnhart
×Agrositanion,Poaceae Barnhart
×Amelasorbus,Rosaceae Juss.
×Ammocalamagrostis,Poaceae Barnhart
×Arctodupontia,Poaceae Barnhart
×Argyrautia,Asteraceae Bercht. & J. Presl
×Asplenosorus,Aspleniaceae Newman
×Calammophila,Poaceae Barnhart
×Citrofortunella,Rutaceae Juss.
×Citroncirus,Rutaceae Juss.
×Cupressocyparis,Cupressaceae Gray
×Cuprocyparis,Cupressaceae Gray
×Cyperus,Cyperaceae Juss.
×Dryostichum,Dryopteridaceae Herter
×Dupoa,Poaceae Barnhart
×Elyhordeum,Poaceae Barnhart
×Elyleymus,Poaceae Barnhart
×Elymordeum,Poaceae Barnhart
×Elysitanion,Poaceae Barnhart
×Elytesion,Poaceae Barnhart
×Festulolium,Poaceae Barnhart
×Hesperotropsis,Cupressaceae Gray
×Ledodendron,Ericaceae Juss.
×Leydeum,Poaceae Barnhart
×Leymostachys,Poaceae Barnhart
×Lindsaeosoria,Dennstaedtiaceae Lotsy
×Mahoberberis,Berberidaceae Juss.
×Neocupropsis,Cupressaceae Gray
×Pseudelymus,Poaceae Barnhart
×Pucciphippsia,Poaceae Barnhart
×Schedolium,Poaceae Barnhart
×Schedololium,Poaceae Barnhart
×Sitordeum,Poaceae Barnhart
×Solidaster,Asteraceae Bercht. & J. Presl
×Sorbaronia,Rosaceae Juss.
×Stiporyzopsis,Poaceae Barnhart
